category,name,price,previous_price,price_for_two,new,best,sale,url 
Junior,Babolat Pure Aero Rafa Junior 26 Racket,-1,-1,-1,1,0,0https://www.tenniswarehouse-europe.com/Babolat_Pure_Aero_Rafa_Junior_26_Racket/descpageRCQBA-BPARA26-EN.html
Junior,Babolat Pure Drive 26 Junior Racket,79,91 €,99,95 €,-1,0,0,1https://www.tenniswarehouse-europe.com/Babolat_Pure_Drive_26_Junior_Racket/descpageRCQBA-BRPJ-EN.html
Junior,Babolat Pure Drive 26 Junior Racket Blue/Pink,79,91 €,99,95 €,-1,0,0,1https://www.tenniswarehouse-europe.com/Babolat_Pure_Drive_26_Junior_Racket_Blue_Pink/descpageRCQBA-BRPJPW-EN.html
Junior,Babolat Strike 26 Junior Racket ,57,91 €,64,95 €,-1,0,0,0https://www.tenniswarehouse-europe.com/Babolat_Strike_26_Junior_Racket_/descpageRCQBA-BRS26J-EN.html
Junior,Babolat Pure Aero Junior 26 Racket,91,90 €,-1,114,95 €,0,0,0https://www.tenniswarehouse-europe.com/Babolat_Pure_Aero_Junior_26_Racket/descpageRCQBA-BPARJ26-EN.html
Junior,Babolat Pure Strike Junior 26 Racket,74,90 €,94,95 €,-1,0,0,0https://www.tenniswarehouse-europe.com/Babolat_Pure_Strike_Junior_26_Racket/descpageQBA-BRPS26-EN.html
Junior,Babolat Aero Junior 26 Racket,59,90 €,69,95 €,-1,0,0,1https://www.tenniswarehouse-europe.com/Babolat_Aero_Junior_26_Racket/descpageRCQBA-BAJR26-EN.html
Junior,Babolat Nadal Junior 26 Racket,31,46 €,37,50 €,-1,0,0,0https://www.tenniswarehouse-europe.com/Babolat_Nadal_Junior_26_Racket/descpageRCQBA-BNJ26R-EN.html
Junior,Babolat Pure Drive 25 Junior Racket ,69,90 €,95,95 €,-1,0,0,1https://www.tenniswarehouse-europe.com/Babolat_Pure_Drive_25_Junior_Racket_/descpageRCQBA-BRPJU-EN.html
Junior,Babolat Pure Strike Junior 25 Racket,79,91 €,89,95 €,-1,0,0,0https://www.tenniswarehouse-europe.com/Babolat_Pure_Strike_Junior_25_Racket/descpageRCQBA-BRPS25-EN.html
Junior,Babolat Pure Aero Junior 25 Racket,89,90 €,-1,104,95 €,0,0,0https://www.tenniswarehouse-europe.com/Babolat_Pure_Aero_Junior_25_Racket/descpageRCQBA-BPARJ25-EN.html
Junior,Babolat Pure Drive 25 Junior Racket Blue/Pink,75,90 €,95,95 €,-1,0,0,1https://www.tenniswarehouse-europe.com/Babolat_Pure_Drive_25_Junior_Racket_Blue_Pink/descpageRCQBA-BRPJUW-EN.html
Junior,Babolat Drive 25 Junior Racket ,53,90 €,59,95 €,-1,0,0,0https://www.tenniswarehouse-europe.com/Babolat_Drive_25_Junior_Racket_/descpageRCQBA-BRDJU-EN.html
Junior,Babolat Drive 25 Junior Racket Pink/White,53,90 €,59,95 €,-1,0,0,0https://www.tenniswarehouse-europe.com/Babolat_Drive_25_Junior_Racket_Pink_White/descpageRCQBA-BRDJUW-EN.html
Junior,Babolat Nadal Junior 25 Racket,34,89 €,37,50 €,-1,0,0,0https://www.tenniswarehouse-europe.com/Babolat_Nadal_Junior_25_Racket/descpageRCQBA-BNJ25R-EN.html
Junior,Babolat B'Fly 25 Junior Racket,21,90 €,24,95 €,-1,0,0,0https://www.tenniswarehouse-europe.com/Babolat_BFly_25_Junior_Racket/descpageRCQBA-BBF25R-EN.html
Junior,Babolat Ballfighter 25 Junior Racket,19,90 €,24,95 €,-1,0,0,1https://www.tenniswarehouse-europe.com/Babolat_Ballfighter_25_Junior_Racket/descpageRCQBA-BBJ25R-EN.html
Junior,Babolat Drive 24 Junior Racket ,48,91 €,54,95 €,-1,0,0,0https://www.tenniswarehouse-europe.com/Babolat_Drive_24_Junior_Racket_/descpageRCQBA-BRDJ24-EN.html
Junior,Babolat Drive 24 Junior Racket Pink/White,48,91 €,54,95 €,-1,0,0,0https://www.tenniswarehouse-europe.com/Babolat_Drive_24_Junior_Racket_Pink_White/descpageRCQBA-BRDP24-EN.html
Junior,Babolat Strike 24 Junior Racket ,48,91 €,54,95 €,-1,0,0,0https://www.tenniswarehouse-europe.com/Babolat_Strike_24_Junior_Racket_/descpageRCQBA-BRS24J-EN.html
Junior,Babolat Drive 23 Junior Racket Pink/White,44,90 €,49,95 €,-1,0,0,0https://www.tenniswarehouse-europe.com/Babolat_Drive_23_Junior_Racket_Pink_White/descpageRCQBA-BRD23P-EN.html
Junior,Babolat Drive 23 Junior Racket ,44,90 €,49,95 €,-1,0,0,0https://www.tenniswarehouse-europe.com/Babolat_Drive_23_Junior_Racket_/descpageRCQBA-BRD23-EN.html
Junior,Babolat Nadal Junior 23 Racket,24,89 €,27,50 €,-1,0,0,0https://www.tenniswarehouse-europe.com/Babolat_Nadal_Junior_23_Racket/descpageRCQBA-BNJ23R-EN.html
Junior,Babolat Ballfighter 23 Junior Racket,23,89 €,24,95 €,-1,0,0,0https://www.tenniswarehouse-europe.com/Babolat_Ballfighter_23_Junior_Racket/descpageRCQBA-BBJ23R-EN.html
Junior,Babolat B'Fly 23 Junior Racket,22,90 €,24,95 €,-1,0,0,0https://www.tenniswarehouse-europe.com/Babolat_BFly_23_Junior_Racket/descpageRCQBA-BBF23R-EN.html
Junior,Babolat Nadal Junior 21 Racket,24,89 €,27,50 €,-1,0,0,0https://www.tenniswarehouse-europe.com/Babolat_Nadal_Junior_21_Racket/descpageRCQBA-BNJ21R-EN.html
Junior,Babolat Ballfighter 21 Junior Racket,19,90 €,22,95 €,-1,0,0,0https://www.tenniswarehouse-europe.com/Babolat_Ballfighter_21_Junior_Racket/descpageRCQBA-BBJ21R-EN.html
Junior,Babolat B'Fly 21 Junior Racket,19,90 €,22,95 €,-1,0,0,0https://www.tenniswarehouse-europe.com/Babolat_BFly_21_Junior_Racket/descpageRCQBA-BBF21R-EN.html
Junior,Babolat Ballfighter 19 Junior Racket,19,90 €,22,95 €,-1,0,0,0https://www.tenniswarehouse-europe.com/Babolat_Ballfighter_19_Junior_Racket/descpageRCQBA-BBJ19R-EN.html
Junior,Babolat B'Fly 19 Junior Racket,19,90 €,22,95 €,-1,0,0,0https://www.tenniswarehouse-europe.com/Babolat_BFly_19_Junior_Racket/descpageRCQBA-BBF19R-EN.html
Junior,Babolat Ballfighter 17 Junior Racket,21,90 €,22,95 €,-1,0,0,0https://www.tenniswarehouse-europe.com/Babolat_Ballfighter_17_Junior_Racket/descpageRCQBA-BBJ17R-EN.html
Junior,Wilson Minions 25 Junior Racket,35,90 €,40,00 €,-1,1,0,0https://www.tenniswarehouse-europe.com/Wilson_Minions_25_Junior_Racket/descpageRCWILSON-WRM25-EN.html
Junior,Wilson Minions 23 Junior Racket,31,91 €,35,00 €,-1,1,0,0https://www.tenniswarehouse-europe.com/Wilson_Minions_23_Junior_Racket/descpageRCWILSON-WRM23-EN.html
Junior,Wilson Minions 21 Junior Racket,31,91 €,35,00 €,-1,1,0,0https://www.tenniswarehouse-europe.com/Wilson_Minions_21_Junior_Racket/descpageRCWILSON-WRM21-EN.html
Junior,Wilson Roland Garros Elite 23 Junior Racket,-1,-1,-1,1,0,0https://www.tenniswarehouse-europe.com/Wilson_Roland_Garros_Elite_23_Junior_Racket/descpageRCWILSON-WJRRG23-EN.html
Junior,Wilson Roland Garros Elite 21 Junior Racket,-1,-1,-1,1,0,0https://www.tenniswarehouse-europe.com/Wilson_Roland_Garros_Elite_21_Junior_Racket/descpageRCWILSON-WJRRG21-EN.html
Junior,Wilson Roland Garros Elite 19 Junior Racket,-1,-1,-1,1,0,0https://www.tenniswarehouse-europe.com/Wilson_Roland_Garros_Elite_19_Junior_Racket/descpageRCWILSON-WJRRG19-EN.html
Junior,Wilson Roland Garros Elite 17 Junior Racket,-1,-1,-1,1,0,0https://www.tenniswarehouse-europe.com/Wilson_Roland_Garros_Elite_17_Junior_Racket/descpageRCWILSON-WJRRG17-EN.html
Junior,Wilson Pro Staff 26 Junior Racket,89,90 €,-1,110,00 €,0,0,1https://www.tenniswarehouse-europe.com/Wilson_Pro_Staff_26_Junior_Racket/descpageRCWILSON-PS26JU-EN.html
Junior,Wilson Pro Staff 25 Junior Racket,89,90 €,-1,110,00 €,0,0,1https://www.tenniswarehouse-europe.com/Wilson_Pro_Staff_25_Junior_Racket/descpageRCWILSON-PS25JU-EN.html
Junior,Wilson Ultra Junior 25 V3.0 Racket,98,90 €,-1,110,00 €,0,0,0https://www.tenniswarehouse-europe.com/Wilson_Ultra_Junior_25_V30_Racket/descpageRCWILSON-U25V3-EN.html
Junior,Wilson Clash 25 Junior Racket,98,90 €,-1,110,00 €,0,0,0https://www.tenniswarehouse-europe.com/Wilson_Clash_25_Junior_Racket/descpageRCWILSON-WC25JR-EN.html
Junior,Wilson Blade 25 Junior V7.0 Racket,-1,-1,-1,0,0,0https://www.tenniswarehouse-europe.com/Wilson_Blade_25_Junior_V70_Racket/descpageRCWILSON-WB25JUN-EN.html
Junior,Wilson Ultra Power 26 Junior Racket,49,90 €,60,00 €,-1,1,0,0https://www.tenniswarehouse-europe.com/Wilson_Ultra_Power_26_Junior_Racket/descpageRCWILSON-WJRUP-EN.html
Junior,Wilson Ultra Power 25 Junior Racket,47,90 €,55,00 €,-1,1,0,0https://www.tenniswarehouse-europe.com/Wilson_Ultra_Power_25_Junior_Racket/descpageRCWILSON-WJRUPW-EN.html
Junior,Wilson Roger Federer 26 Junior Racket,39,90 €,45,00 €,-1,1,0,0https://www.tenniswarehouse-europe.com/Wilson_Roger_Federer_26_Junior_Racket/descpageRCWILSON-WJRF26-EN.html
Junior,Wilson Roger Federer 25 Junior Racket,34,89 €,40,00 €,-1,1,0,0https://www.tenniswarehouse-europe.com/Wilson_Roger_Federer_25_Junior_Racket/descpageRCWILSON-WJRF25-EN.html
Junior,Wilson Roger Federer 25 Junior Racket,28,00 €,40,00 €,-1,0,0,1https://www.tenniswarehouse-europe.com/Wilson_Roger_Federer_25_Junior_Racket/descpageRCWILSON-WRF25JU-EN.html
Junior,Wilson Roger Federer 23 Junior Racket,31,91 €,35,00 €,-1,1,0,0https://www.tenniswarehouse-europe.com/Wilson_Roger_Federer_23_Junior_Racket/descpageRCWILSON-WJRF23-EN.html
Junior,Wilson Roger Federer 21 Junior Racket,24,50 €,35,00 €,-1,0,0,1https://www.tenniswarehouse-europe.com/Wilson_Roger_Federer_21_Junior_Racket/descpageRCWILSON-WRF21JU-EN.html
Junior,Wilson Roger Federer 21 Junior Racket,26,88 €,30,00 €,-1,1,0,0https://www.tenniswarehouse-europe.com/Wilson_Roger_Federer_21_Junior_Racket/descpageRCWILSON-WJRF21-EN.html
Junior,Wilson Roger Federer 19 Junior Racket,22,90 €,25,00 €,-1,1,0,0https://www.tenniswarehouse-europe.com/Wilson_Roger_Federer_19_Junior_Racket/descpageRCWILSON-WJRF19-EN.html
Junior,Wilson Roland Garros Elite 25 Junior Racket,-1,-1,-1,1,0,0https://www.tenniswarehouse-europe.com/Wilson_Roland_Garros_Elite_25_Junior_Racket/descpageRCWILSON-WJRRG25-EN.html
Junior,Wilson Ultra Blue 25 Junior Racket,34,89 €,40,00 €,-1,1,0,0https://www.tenniswarehouse-europe.com/Wilson_Ultra_Blue_25_Junior_Racket/descpageRCWILSON-WJRUBL-EN.html
Junior,Wilson Ultra Blue 23 Junior Racket,31,91 €,35,00 €,-1,1,0,0https://www.tenniswarehouse-europe.com/Wilson_Ultra_Blue_23_Junior_Racket/descpageRCWILSON-WJRUB-EN.html
Junior,Wilson Ultra Blue 21 Junior Racket,26,88 €,30,00 €,-1,1,0,0https://www.tenniswarehouse-europe.com/Wilson_Ultra_Blue_21_Junior_Racket/descpageRCWILSON-WJRUBLU-EN.html
Junior,Wilson Burn Pink 25 Junior Racket,34,89 €,40,00 €,-1,1,0,0https://www.tenniswarehouse-europe.com/Wilson_Burn_Pink_25_Junior_Racket/descpageRCWILSON-WJRBP-EN.html
Junior,Wilson Burn Pink 23 Junior Racket,31,91 €,35,00 €,-1,1,0,0https://www.tenniswarehouse-europe.com/Wilson_Burn_Pink_23_Junior_Racket/descpageRCWILSON-WJRBPI-EN.html
Junior,Wilson Burn Pink 21 Junior Racket,26,88 €,30,00 €,-1,1,0,0https://www.tenniswarehouse-europe.com/Wilson_Burn_Pink_21_Junior_Racket/descpageRCWILSON-WJRBPIN-EN.html
Junior,Head Gravity Junior 2021 Racket,79,91 €,-1,110,00 €,1,0,0https://www.tenniswarehouse-europe.com/Head_Gravity_Junior_2021_Racket/descpageRCHEAD-HRGJ-EN.html
Junior,Head Radical 360+ Junior Racket,89,90 €,-1,100,00 €,1,0,0https://www.tenniswarehouse-europe.com/Head_Radical_360_Junior_Racket/descpageRCHEAD-HRRJ-EN.html
Junior,Head Radical Junior 26 Racket ,33,90 €,50,00 €,-1,1,0,0https://www.tenniswarehouse-europe.com/Head_Radical_Junior_26_Racket_/descpageRCHEAD-HRRJ26-EN.html
Junior,Head Graphene 360+ Extreme Junior Racket,80,90 €,90,00 €,-1,0,0,0https://www.tenniswarehouse-europe.com/Head_Graphene_360_Extreme_Junior_Racket/descpageRCHEAD-HREJ-EN.html
Junior,Head Graphene Speed 360+ Junior Racket,74,90 €,-1,110,00 €,0,0,0https://www.tenniswarehouse-europe.com/Head_Graphene_Speed_360_Junior_Racket/descpageRCHEAD-H3SJUNR-EN.html
Junior,Head Graphite Speed 26 Junior Racket,59,90 €,70,00 €,-1,0,0,0https://www.tenniswarehouse-europe.com/Head_Graphite_Speed_26_Junior_Racket/descpageRCHEAD-HSPJU26-EN.html
Junior,Head Gravity Junior 26 2021 Racket,59,90 €,70,00 €,-1,1,0,0https://www.tenniswarehouse-europe.com/Head_Gravity_Junior_26_2021_Racket/descpageRCHEAD-HRGJ26-EN.html
Junior,Head Gravity Junior 25 2021 Racket,78,90 €,90,00 €,-1,1,0,0https://www.tenniswarehouse-europe.com/Head_Gravity_Junior_25_2021_Racket/descpageRCHEAD-HRGJ25-EN.html
Junior,Head Gravity Junior 25 Racket,57,91 €,65,00 €,-1,1,0,0https://www.tenniswarehouse-europe.com/Head_Gravity_Junior_25_Racket/descpageRCHEAD-HRGJR-EN.html
Junior,Head Radical Junior 25 Racket ,29,90 €,40,00 €,-1,1,0,0https://www.tenniswarehouse-europe.com/Head_Radical_Junior_25_Racket_/descpageRCHEAD-HRRJ25-EN.html
Junior,Head Graphene Speed 360+ Junior 25 Racket,68,89 €,90,00 €,-1,0,0,0https://www.tenniswarehouse-europe.com/Head_Graphene_Speed_360_Junior_25_Racket/descpageRCHEAD-H3SJU25-EN.html
Junior,Head Graphite Speed 25 Junior Racket,49,90 €,65,00 €,-1,0,0,0https://www.tenniswarehouse-europe.com/Head_Graphite_Speed_25_Junior_Racket/descpageRCHEAD-HSPJU25-EN.html
Junior,Head Novak 25 Junior Racket,27,70 €,35,00 €,-1,0,0,1https://www.tenniswarehouse-europe.com/Head_Novak_25_Junior_Racket/descpageRCHEAD-HNOJU25-EN.html
Junior,Head Maria 25 Junior Racket,29,90 €,35,00 €,-1,0,0,1https://www.tenniswarehouse-europe.com/Head_Maria_25_Junior_Racket/descpageRCHEAD-HMAJU25-EN.html
Junior,Head Gravity Junior 23 2021 Racket,43,90 €,55,00 €,-1,1,0,0https://www.tenniswarehouse-europe.com/Head_Gravity_Junior_23_2021_Racket/descpageRCHEAD-HRGJ23-EN.html
Junior,Head Radical Junior 23 Racket ,24,89 €,35,00 €,-1,1,0,0https://www.tenniswarehouse-europe.com/Head_Radical_Junior_23_Racket_/descpageRCHEAD-HRRJ23-EN.html
Junior,Head Graphite Speed 23 Junior Racket,49,90 €,55,00 €,-1,0,0,0https://www.tenniswarehouse-europe.com/Head_Graphite_Speed_23_Junior_Racket/descpageRCHEAD-HSPJU23-EN.html
Junior,Head Novak 23 Junior Racket,23,89 €,35,00 €,-1,0,0,1https://www.tenniswarehouse-europe.com/Head_Novak_23_Junior_Racket/descpageRCHEAD-HNOJU23-EN.html
Junior,Head Maria 23 Junior Racket,24,50 €,35,00 €,-1,0,0,1https://www.tenniswarehouse-europe.com/Head_Maria_23_Junior_Racket/descpageRCHEAD-HMAJU23-EN.html
Junior,Head Gravity Junior 21 2021 Racket,38,90 €,50,00 €,-1,1,0,0https://www.tenniswarehouse-europe.com/Head_Gravity_Junior_21_2021_Racket/descpageRCHEAD-HRGJ21-EN.html
Junior,Head Radical Junior 21 2021 Racket ,26,91 €,30,00 €,-1,1,0,0https://www.tenniswarehouse-europe.com/Head_Radical_Junior_21_2021_Racket_/descpageRCHEAD-HRRJ21-EN.html
Junior,Head Graphite Speed 21 Junior Racket,39,90 €,50,00 €,-1,0,0,0https://www.tenniswarehouse-europe.com/Head_Graphite_Speed_21_Junior_Racket/descpageRCHEAD-HSPJU21-EN.html
Junior,Head Novak 21 Junior Racket,27,89 €,30,00 €,-1,0,0,1https://www.tenniswarehouse-europe.com/Head_Novak_21_Junior_Racket/descpageRCHEAD-HNOJU21-EN.html
Junior,Head Maria 21 Junior Racket,24,89 €,30,00 €,-1,0,0,1https://www.tenniswarehouse-europe.com/Head_Maria_21_Junior_Racket/descpageRCHEAD-HMAJU21-EN.html
Junior,Head Novak 19 Junior Racket,20,91 €,30,00 €,-1,0,0,1https://www.tenniswarehouse-europe.com/Head_Novak_19_Junior_Racket/descpageRCHEAD-HNOJU19-EN.html
Junior,Head Radical 19 Junior Racket ,23,89 €,30,00 €,-1,1,0,0https://www.tenniswarehouse-europe.com/Head_Radical_19_Junior_Racket_/descpageRCHEAD-HRJ19R-EN.html
Junior,Head Maria 19 Junior Racket,24,89 €,30,00 €,-1,0,0,1https://www.tenniswarehouse-europe.com/Head_Maria_19_Junior_Racket/descpageRCHEAD-HMAJU19-EN.html
Junior,Head Maria 17 Junior Racket,17,91 €,25,00 €,-1,0,0,1https://www.tenniswarehouse-europe.com/Head_Maria_17_Junior_Racket/descpageRCHEAD-HMAJU17-EN.html
Junior,Head Novak 17 Junior Racket,17,91 €,25,00 €,-1,0,0,1https://www.tenniswarehouse-europe.com/Head_Novak_17_Junior_Racket/descpageRCHEAD-HNOJU17-EN.html
Junior,Prince Tour 100P 23 Junior Graphite Racket (Green),59,90 €,74,95 €,-1,0,0,0https://www.tenniswarehouse-europe.com/Prince_Tour_100P_23_Junior_Graphite_Racket_Green/descpageRCPRINCEH-P100P23-EN.html
Junior,Prince Pink 100P 25 Junior Racket,79,91 €,89,95 €,-1,0,0,0https://www.tenniswarehouse-europe.com/Prince_Pink_100P_25_Junior_Racket/descpageRCPRINCEH-PINKP25-EN.html
Junior,Prince Tour 100P 25 Junior Graphite Racket,69,90 €,89,95 €,-1,0,0,0https://www.tenniswarehouse-europe.com/Prince_Tour_100P_25_Junior_Graphite_Racket/descpageRCPRINCEH-P100P25-EN.html
Junior,Tecnifibre TFight 26 Team Junior Racket,50,00 €,54,99 €,-1,0,0,0https://www.tenniswarehouse-europe.com/Tecnifibre_TFight_26_Team_Junior_Racket/descpageRCTECNIH-TRTF26T-EN.html
Junior,Tecnifibre TFight 25 Team Junior Racket,44,99 €,49,99 €,-1,0,0,0https://www.tenniswarehouse-europe.com/Tecnifibre_TFight_25_Team_Junior_Racket/descpageRCTECNIH-TRTF25T-EN.html
Junior,Tecnifibre TFight 24 Team Junior Racket,39,98 €,44,99 €,-1,0,0,0https://www.tenniswarehouse-europe.com/Tecnifibre_TFight_24_Team_Junior_Racket/descpageRCTECNIH-TRTF24T-EN.html
Junior,Tecnifibre TFight 26 Tour Junior Racket,79,99 €,89,99 €,-1,0,0,0https://www.tenniswarehouse-europe.com/Tecnifibre_TFight_26_Tour_Junior_Racket/descpageRCTECNIH-TRTFTJ-EN.html
Junior,Tecnifibre TFight 25 Tour Junior Racket,76,48 €,84,99 €,-1,0,0,0https://www.tenniswarehouse-europe.com/Tecnifibre_TFight_25_Tour_Junior_Racket/descpageRCTECNIH-TRTF25J-EN.html
Junior,Tecnifibre Bullit 25 RS Junior Racket,16,90 €,25,95 €,-1,0,0,1https://www.tenniswarehouse-europe.com/Tecnifibre_Bullit_25_RS_Junior_Racket/descpageRCTECNIH-TB25J-EN.html
Junior,Tecnifibre T-Rebound 25 Junior Racket,23,89 €,26,95 €,-1,0,0,0https://www.tenniswarehouse-europe.com/Tecnifibre_T-Rebound_25_Junior_Racket/descpageRCTECNIH-TTR25JR-EN.html
Junior,Tecnifibre T-Rebound 23 Junior Racket,21,90 €,24,95 €,-1,0,0,0https://www.tenniswarehouse-europe.com/Tecnifibre_T-Rebound_23_Junior_Racket/descpageRCTECNIH-TTR23JR-EN.html
Junior,Tecnifibre T-Rebound 21 Junior Racket,19,90 €,22,95 €,-1,0,0,0https://www.tenniswarehouse-europe.com/Tecnifibre_T-Rebound_21_Junior_Racket/descpageRCTECNIH-TTR21JR-EN.html
Junior,Tecnifibre T-Rebound 19 Junior Racket,17,91 €,20,95 €,-1,0,0,0https://www.tenniswarehouse-europe.com/Tecnifibre_T-Rebound_19_Junior_Racket/descpageRCTECNIH-TTR19JR-EN.html
Junior,Yonex VCORE 26 Junior Racket,89,90 €,-1,109,90 €,1,0,0https://www.tenniswarehouse-europe.com/Yonex_VCORE_26_Junior_Racket/descpageRCYONEX-VC26NE-EN.html
Junior,Yonex VCORE 25 Junior Racket,84,89 €,99,90 €,-1,1,0,0https://www.tenniswarehouse-europe.com/Yonex_VCORE_25_Junior_Racket/descpageRCYONEX-VC25NE-EN.html
Junior,Yonex EZONE 26 Deep Blue Junior Racket,79,91 €,90,00 €,-1,0,0,0https://www.tenniswarehouse-europe.com/Yonex_EZONE_26_Deep_Blue_Junior_Racket/descpageRCYONEX-EZJ26-EN.html
Junior,Yonex EZONE 25 Deep Blue Junior Racket,71,90 €,80,00 €,-1,0,0,0https://www.tenniswarehouse-europe.com/Yonex_EZONE_25_Deep_Blue_Junior_Racket/descpageRCYONEX-EZJ25-EN.html
Junior,Yonex VCORE 25 Junior Racket,64,90 €,99,95 €,-1,0,0,1https://www.tenniswarehouse-europe.com/Yonex_VCORE_25_Junior_Racket/descpageRCYONEX-YJVC25-EN.html
Babolat,Babolat Pure Aero Rafa Racket,259,90 €,-1,229,91 €,1,0,0https://www.tenniswarehouse-europe.com/Babolat_Pure_Aero_Rafa_Racket/descpageRCQBA-BPARR-EN.html
Babolat,Babolat Pure Aero Racket,199,90 €,249,95 €,-1,0,0,1https://www.tenniswarehouse-europe.com/Babolat_Pure_Aero_Racket/descpageRCQBA-BPAR-EN.html
Babolat,Babolat Pure Aero VS Racket x2,339,90 €,529,90 €,-1,0,0,0https://www.tenniswarehouse-europe.com/Babolat_Pure_Aero_VS_Racket_x2/descpageRCQBA-PAVDOU-EN.html
Babolat,Babolat Pure Aero VS Racket (SINGLE),174,91 €,269,95 €,-1,0,0,1https://www.tenniswarehouse-europe.com/Babolat_Pure_Aero_VS_Racket_SINGLE/descpageRCQBA-PAVSIN-EN.html
Babolat,Babolat Pure Aero Plus Racket,199,90 €,249,95 €,-1,0,1,0https://www.tenniswarehouse-europe.com/Babolat_Pure_Aero_Plus_Racket/descpageRCQBA-BPAPR-EN.html
Babolat,Babolat Pure Aero Team Racket,159,90 €,219,95 €,-1,0,0,0https://www.tenniswarehouse-europe.com/Babolat_Pure_Aero_Team_Racket/descpageRCQBA-BPART-EN.html
Babolat,Babolat Pure Aero Super Lite Racket,134,90 €,189,95 €,-1,0,0,0https://www.tenniswarehouse-europe.com/Babolat_Pure_Aero_Super_Lite_Racket/descpageRCQBA-BPASLR-EN.html
Babolat,Babolat Pure Aero Tour Racket,199,90 €,259,95 €,-1,0,0,0https://www.tenniswarehouse-europe.com/Babolat_Pure_Aero_Tour_Racket/descpageRCQBA-BPATRR-EN.html
Babolat,Babolat Pure Aero Lite Racket,163,90 €,204,95 €,-1,0,0,0https://www.tenniswarehouse-europe.com/Babolat_Pure_Aero_Lite_Racket/descpageRCQBA-BPARL-EN.html
Babolat,Babolat Pure Drive Racket ,197,90 €,219,95 €,182,90 €,0,1,0https://www.tenniswarehouse-europe.com/Babolat_Pure_Drive_Racket_/descpageRCQBA-BRPDR-EN.html
Babolat,Babolat Pure Drive Plus Racket ,199,90 €,219,95 €,182,95 €,1,0,0https://www.tenniswarehouse-europe.com/Babolat_Pure_Drive_Plus_Racket_/descpageRCQBA-BRPDP-EN.html
Babolat,Babolat Pure Drive Tour Racket ,204,89 €,229,95 €,184,95 €,1,0,0https://www.tenniswarehouse-europe.com/Babolat_Pure_Drive_Tour_Racket_/descpageRCQBA-BRPDT-EN.html
Babolat,Babolat Pure Drive Team Racket ,179,90 €,199,95 €,162,95 €,1,0,0https://www.tenniswarehouse-europe.com/Babolat_Pure_Drive_Team_Racket_/descpageRCQBA-BRPTE-EN.html
Babolat,Babolat Pure Drive Lite Racket ,169,90 €,189,95 €,154,95 €,1,0,0https://www.tenniswarehouse-europe.com/Babolat_Pure_Drive_Lite_Racket_/descpageRCQBA-BRPDL-EN.html
Babolat,Babolat Pure Drive Super Lite Racket ,179,90 €,-1,161,89 €,1,0,0https://www.tenniswarehouse-europe.com/Babolat_Pure_Drive_Super_Lite_Racket_/descpageRCQBA-BRPDSL-EN.html
Babolat,Babolat Pure Drive 107 Racket ,199,90 €,199,95 €,179,90 €,1,0,0https://www.tenniswarehouse-europe.com/Babolat_Pure_Drive_107_Racket_/descpageRCQBA-BRPD17-EN.html
Babolat,Babolat Pure Drive 110 Racket ,199,90 €,199,95 €,179,90 €,1,0,0https://www.tenniswarehouse-europe.com/Babolat_Pure_Drive_110_Racket_/descpageRCQBA-BRPD11-EN.html
Babolat,Babolat Pure Drive VS Racket x2,369,90 €,499,90 €,-1,0,0,0https://www.tenniswarehouse-europe.com/Babolat_Pure_Drive_VS_Racket_x2/descpageRCQBA-PDVS-EN.html
Babolat,Babolat Pure Drive VS Racket (SINGLE),179,90 €,260,00 €,-1,0,0,0https://www.tenniswarehouse-europe.com/Babolat_Pure_Drive_VS_Racket_SINGLE/descpageRCQBA-PDVSING-EN.html
Babolat,Babolat Pure Strike 16x19 Racket,184,95 €,229,95 €,166,41 €,0,1,0https://www.tenniswarehouse-europe.com/Babolat_Pure_Strike_16x19_Racket/descpageRCQBA-PS1619-EN.html
Babolat,Babolat Pure Strike 18x20 Racket,184,95 €,229,95 €,166,41 €,0,0,0https://www.tenniswarehouse-europe.com/Babolat_Pure_Strike_18x20_Racket/descpageRCQBA-PS1820-EN.html
Babolat,Babolat Pure Strike Tour Racket,189,89 €,239,95 €,179,01 €,0,0,0https://www.tenniswarehouse-europe.com/Babolat_Pure_Strike_Tour_Racket/descpageRCQBA-BPSTTO-EN.html
Babolat,Babolat Pure Strike 100 Racket,174,91 €,219,95 €,157,41 €,0,1,0https://www.tenniswarehouse-europe.com/Babolat_Pure_Strike_100_Racket/descpageRCQBA-BPSTRI-EN.html
Babolat,Babolat Pure Strike Team Racket,167,90 €,209,95 €,156,90 €,0,0,0https://www.tenniswarehouse-europe.com/Babolat_Pure_Strike_Team_Racket/descpageRCQBA-BPSTRT-EN.html
Babolat,Babolat Pure Strike Lite Racket,159,90 €,199,95 €,-1,0,0,0https://www.tenniswarehouse-europe.com/Babolat_Pure_Strike_Lite_Racket/descpageRCQBA-BPSTLI-EN.html
Babolat,Babolat Pure Strike EVO Racket,119,99 €,149,95 €,-1,0,0,0https://www.tenniswarehouse-europe.com/Babolat_Pure_Strike_EVO_Racket/descpageRCQBA-PSEVO-EN.html
Babolat,Babolat Evo Drive Racket ,134,90 €,149,95 €,121,40 €,0,0,0https://www.tenniswarehouse-europe.com/Babolat_Evo_Drive_Racket_/descpageRCQBA-BRED-EN.html
Babolat,Babolat Evo Drive Racket White/Blue,134,90 €,149,95 €,121,40 €,0,0,0https://www.tenniswarehouse-europe.com/Babolat_Evo_Drive_Racket_White_Blue/descpageRCQBA-BREDW-EN.html
Babolat,Babolat Evo Drive Lite Racket ,109,90 €,139,95 €,113,89 €,0,0,0https://www.tenniswarehouse-europe.com/Babolat_Evo_Drive_Lite_Racket_/descpageRCQBA-BREDL-EN.html
Babolat,Babolat Evo Drive Lite Racket White/Blue,134,90 €,139,95 €,121,40 €,0,0,0https://www.tenniswarehouse-europe.com/Babolat_Evo_Drive_Lite_Racket_White_Blue/descpageRCQBA-BRELW-EN.html
Babolat,Babolat Evo Drive Tour Racket ,143,89 €,159,95 €,129,51 €,0,0,0https://www.tenniswarehouse-europe.com/Babolat_Evo_Drive_Tour_Racket_/descpageRCQBA-BREDT-EN.html
Babolat,Babolat Evo Drive 115 Racket ,143,89 €,159,95 €,129,51 €,1,0,0https://www.tenniswarehouse-europe.com/Babolat_Evo_Drive_115_Racket_/descpageRCQBA-BRE15-EN.html
Babolat,Babolat Drive G Lite W Racket,70,00 €,-1,129,95 €,0,0,0https://www.tenniswarehouse-europe.com/Babolat_Drive_G_Lite_W_Racket/descpageRCQBA-BDGLWR-EN.html
Babolat,Babolat Boost Drive Racket,79,91 €,89,95 €,-1,1,0,0https://www.tenniswarehouse-europe.com/Babolat_Boost_Drive_Racket/descpageRCQBA-BABODR-EN.html
Babolat,Babolat Boost Drive W Racket,79,91 €,89,95 €,-1,1,0,0https://www.tenniswarehouse-europe.com/Babolat_Boost_Drive_W_Racket/descpageRCQBA-BABODW-EN.html
Babolat,Babolat Boost S Racket,79,91 €,89,95 €,-1,0,0,0https://www.tenniswarehouse-europe.com/Babolat_Boost_S_Racket/descpageRCQBA-BABOSR-EN.html
Babolat,Babolat Aero G Racket,99,99 €,-1,139,95 €,0,0,0https://www.tenniswarehouse-europe.com/Babolat_Aero_G_Racket/descpageRCQBA-BAGR-EN.html
Babolat,Babolat Pure Aero Rafa Junior 26 Racket,-1,-1,-1,1,0,0https://www.tenniswarehouse-europe.com/Babolat_Pure_Aero_Rafa_Junior_26_Racket/descpageRCQBA-BPARA26-EN.html
Babolat,Babolat Pure Drive 26 Junior Racket,79,91 €,99,95 €,-1,0,0,1https://www.tenniswarehouse-europe.com/Babolat_Pure_Drive_26_Junior_Racket/descpageRCQBA-BRPJ-EN.html
Babolat,Babolat Pure Drive 26 Junior Racket Blue/Pink,79,91 €,99,95 €,-1,0,0,1https://www.tenniswarehouse-europe.com/Babolat_Pure_Drive_26_Junior_Racket_Blue_Pink/descpageRCQBA-BRPJPW-EN.html
Babolat,Babolat Strike 26 Junior Racket ,57,91 €,64,95 €,-1,0,0,0https://www.tenniswarehouse-europe.com/Babolat_Strike_26_Junior_Racket_/descpageRCQBA-BRS26J-EN.html
Babolat,Babolat Pure Aero Junior 26 Racket,91,90 €,-1,114,95 €,0,0,0https://www.tenniswarehouse-europe.com/Babolat_Pure_Aero_Junior_26_Racket/descpageRCQBA-BPARJ26-EN.html
Babolat,Babolat Pure Strike Junior 26 Racket,74,90 €,94,95 €,-1,0,0,0https://www.tenniswarehouse-europe.com/Babolat_Pure_Strike_Junior_26_Racket/descpageQBA-BRPS26-EN.html
Babolat,Babolat Aero Junior 26 Racket,59,90 €,69,95 €,-1,0,0,1https://www.tenniswarehouse-europe.com/Babolat_Aero_Junior_26_Racket/descpageRCQBA-BAJR26-EN.html
Babolat,Babolat Nadal Junior 26 Racket,31,46 €,37,50 €,-1,0,0,0https://www.tenniswarehouse-europe.com/Babolat_Nadal_Junior_26_Racket/descpageRCQBA-BNJ26R-EN.html
Babolat,Babolat Pure Drive 25 Junior Racket ,69,90 €,95,95 €,-1,0,0,1https://www.tenniswarehouse-europe.com/Babolat_Pure_Drive_25_Junior_Racket_/descpageRCQBA-BRPJU-EN.html
Babolat,Babolat Pure Strike Junior 25 Racket,79,91 €,89,95 €,-1,0,0,0https://www.tenniswarehouse-europe.com/Babolat_Pure_Strike_Junior_25_Racket/descpageRCQBA-BRPS25-EN.html
Babolat,Babolat Pure Aero Junior 25 Racket,89,90 €,-1,104,95 €,0,0,0https://www.tenniswarehouse-europe.com/Babolat_Pure_Aero_Junior_25_Racket/descpageRCQBA-BPARJ25-EN.html
Babolat,Babolat Pure Drive 25 Junior Racket Blue/Pink,75,90 €,95,95 €,-1,0,0,1https://www.tenniswarehouse-europe.com/Babolat_Pure_Drive_25_Junior_Racket_Blue_Pink/descpageRCQBA-BRPJUW-EN.html
Babolat,Babolat Drive 25 Junior Racket ,53,90 €,59,95 €,-1,0,0,0https://www.tenniswarehouse-europe.com/Babolat_Drive_25_Junior_Racket_/descpageRCQBA-BRDJU-EN.html
Babolat,Babolat Drive 25 Junior Racket Pink/White,53,90 €,59,95 €,-1,0,0,0https://www.tenniswarehouse-europe.com/Babolat_Drive_25_Junior_Racket_Pink_White/descpageRCQBA-BRDJUW-EN.html
Babolat,Babolat Nadal Junior 25 Racket,34,89 €,37,50 €,-1,0,0,0https://www.tenniswarehouse-europe.com/Babolat_Nadal_Junior_25_Racket/descpageRCQBA-BNJ25R-EN.html
Babolat,Babolat B'Fly 25 Junior Racket,21,90 €,24,95 €,-1,0,0,0https://www.tenniswarehouse-europe.com/Babolat_BFly_25_Junior_Racket/descpageRCQBA-BBF25R-EN.html
Babolat,Babolat Ballfighter 25 Junior Racket,19,90 €,24,95 €,-1,0,0,1https://www.tenniswarehouse-europe.com/Babolat_Ballfighter_25_Junior_Racket/descpageRCQBA-BBJ25R-EN.html
Babolat,Babolat Drive 24 Junior Racket ,48,91 €,54,95 €,-1,0,0,0https://www.tenniswarehouse-europe.com/Babolat_Drive_24_Junior_Racket_/descpageRCQBA-BRDJ24-EN.html
Babolat,Babolat Drive 24 Junior Racket Pink/White,48,91 €,54,95 €,-1,0,0,0https://www.tenniswarehouse-europe.com/Babolat_Drive_24_Junior_Racket_Pink_White/descpageRCQBA-BRDP24-EN.html
Babolat,Babolat Strike 24 Junior Racket ,48,91 €,54,95 €,-1,0,0,0https://www.tenniswarehouse-europe.com/Babolat_Strike_24_Junior_Racket_/descpageRCQBA-BRS24J-EN.html
Babolat,Babolat Drive 23 Junior Racket Pink/White,44,90 €,49,95 €,-1,0,0,0https://www.tenniswarehouse-europe.com/Babolat_Drive_23_Junior_Racket_Pink_White/descpageRCQBA-BRD23P-EN.html
Babolat,Babolat Drive 23 Junior Racket ,44,90 €,49,95 €,-1,0,0,0https://www.tenniswarehouse-europe.com/Babolat_Drive_23_Junior_Racket_/descpageRCQBA-BRD23-EN.html
Babolat,Babolat Nadal Junior 23 Racket,24,89 €,27,50 €,-1,0,0,0https://www.tenniswarehouse-europe.com/Babolat_Nadal_Junior_23_Racket/descpageRCQBA-BNJ23R-EN.html
Babolat,Babolat Ballfighter 23 Junior Racket,23,89 €,24,95 €,-1,0,0,0https://www.tenniswarehouse-europe.com/Babolat_Ballfighter_23_Junior_Racket/descpageRCQBA-BBJ23R-EN.html
Babolat,Babolat B'Fly 23 Junior Racket,22,90 €,24,95 €,-1,0,0,0https://www.tenniswarehouse-europe.com/Babolat_BFly_23_Junior_Racket/descpageRCQBA-BBF23R-EN.html
Babolat,Babolat Nadal Junior 21 Racket,24,89 €,27,50 €,-1,0,0,0https://www.tenniswarehouse-europe.com/Babolat_Nadal_Junior_21_Racket/descpageRCQBA-BNJ21R-EN.html
Babolat,Babolat Ballfighter 21 Junior Racket,19,90 €,22,95 €,-1,0,0,0https://www.tenniswarehouse-europe.com/Babolat_Ballfighter_21_Junior_Racket/descpageRCQBA-BBJ21R-EN.html
Babolat,Babolat B'Fly 21 Junior Racket,19,90 €,22,95 €,-1,0,0,0https://www.tenniswarehouse-europe.com/Babolat_BFly_21_Junior_Racket/descpageRCQBA-BBF21R-EN.html
Babolat,Babolat Ballfighter 19 Junior Racket,19,90 €,22,95 €,-1,0,0,0https://www.tenniswarehouse-europe.com/Babolat_Ballfighter_19_Junior_Racket/descpageRCQBA-BBJ19R-EN.html
Babolat,Babolat B'Fly 19 Junior Racket,19,90 €,22,95 €,-1,0,0,0https://www.tenniswarehouse-europe.com/Babolat_BFly_19_Junior_Racket/descpageRCQBA-BBF19R-EN.html
Babolat,Babolat Ballfighter 17 Junior Racket,21,90 €,22,95 €,-1,0,0,0https://www.tenniswarehouse-europe.com/Babolat_Ballfighter_17_Junior_Racket/descpageRCQBA-BBJ17R-EN.html
Volkl,Volkl V-Cell 2 Racket,260,90 €,290,00 €,261,00 €,1,0,0https://www.tenniswarehouse-europe.com/Volkl_V-Cell_2_Racket/descpageRCVOLKLGH-VVCEL2-EN.html
Volkl,Volkl V-Cell 10 300g Racket,224,90 €,250,00 €,188,01 €,1,0,0https://www.tenniswarehouse-europe.com/Volkl_V-Cell_10_300g_Racket/descpageRCVOLKLGH-VCE100-EN.html
Volkl,Volkl V-Cell 10 320g Racket,199,90 €,250,00 €,188,01 €,1,0,0https://www.tenniswarehouse-europe.com/Volkl_V-Cell_10_320g_Racket/descpageRCVOLKLGH-VCE102-EN.html
Volkl,Volkl V-Cell 8 315g Racket,208,90 €,260,00 €,188,00 €,0,0,0https://www.tenniswarehouse-europe.com/Volkl_V-Cell_8_315g_Racket/descpageRCVOLKLGH-VVCL8-EN.html
Volkl,Volkl V-Cell 8 300g Racket,208,90 €,260,00 €,188,00 €,0,0,0https://www.tenniswarehouse-europe.com/Volkl_V-Cell_8_300g_Racket/descpageRCVOLKLGH-VVC8L-EN.html
Volkl,Volkl V-Cell 9 Racket,208,90 €,260,00 €,188,01 €,0,0,0https://www.tenniswarehouse-europe.com/Volkl_V-Cell_9_Racket/descpageRCVOLKLGH-VVCEL9-EN.html
Volkl,Volkl Power Bridge 10 Mid Racket,159,90 €,190,00 €,149,90 €,0,1,0https://www.tenniswarehouse-europe.com/Volkl_Power_Bridge_10_Mid_Racket/descpageRCVOLKLGH-VRPB10-EN.html
Volkl,Volkl C10 Pro Racket,169,90 €,190,00 €,159,90 €,0,0,0https://www.tenniswarehouse-europe.com/Volkl_C10_Pro_Racket/descpageRCVOLKLGH-C10PRO-EN.html
Volkl,Volkl Classic V1 Racket,150,00 €,200,00 €,144,89 €,0,0,0https://www.tenniswarehouse-europe.com/Volkl_Classic_V1_Racket/descpageRCVOLKLGH-VV1C-EN.html
Volkl,Volkl V-Feel V8 Pro,186,91 €,220,00 €,169,90 €,0,0,0https://www.tenniswarehouse-europe.com/Volkl_V-Feel_V8_Pro/descpageRCVOLKLGH-VKLV8-EN.html
Volkl,Volkl V-Feel V1 MP Racket,199,90 €,250,00 €,189,89 €,0,0,0https://www.tenniswarehouse-europe.com/Volkl_V-Feel_V1_MP_Racket/descpageRCVOLKLGH-VF1MP-EN.html
Volkl,Volkl V-Feel 10 (300g) Racket,179,90 €,260,00 €,-1,0,0,1https://www.tenniswarehouse-europe.com/Volkl_V-Feel_10_300g_Racket/descpageRCVOLKLGH-VF10L-EN.html
Volkl,Volkl V-Feel 10 (320g) Racket,156,90 €,260,00 €,-1,0,0,1https://www.tenniswarehouse-europe.com/Volkl_V-Feel_10_320g_Racket/descpageRCVOLKLGH-VF10H-EN.html
Volkl,Volkl V-Feel 8 Racket (315g),179,90 €,240,00 €,169,90 €,0,0,0https://www.tenniswarehouse-europe.com/Volkl_V-Feel_8_Racket_315g/descpageRCVOLKLGH-VF8315-EN.html
Volkl,Volkl V-Feel 8 Racket (285g),199,90 €,240,00 €,189,89 €,0,0,0https://www.tenniswarehouse-europe.com/Volkl_V-Feel_8_Racket_285g/descpageRCVOLKLGH-VF8285-EN.html
Tecnifibre,Tecnifibre TFight 315 RS Racket,204,89 €,229,99 €,184,90 €,0,0,0https://www.tenniswarehouse-europe.com/Tecnifibre_TFight_315_RS_Racket/descpageRCTECNIH-TRTFRS-EN.html
Tecnifibre,Tecnifibre TFight 305 RS Racket,199,90 €,219,99 €,179,90 €,0,0,0https://www.tenniswarehouse-europe.com/Tecnifibre_TFight_305_RS_Racket/descpageRCTECNIH-TRTFIR-EN.html
Tecnifibre,Tecnifibre TFight 300 RS Racket,199,90 €,219,99 €,179,99 €,0,0,0https://www.tenniswarehouse-europe.com/Tecnifibre_TFight_300_RS_Racket/descpageRCTECNIH-TRTIRS-EN.html
Tecnifibre,Tecnifibre TFight 295 RS Racket,179,90 €,199,99 €,161,89 €,0,0,0https://www.tenniswarehouse-europe.com/Tecnifibre_TFight_295_RS_Racket/descpageRCTECNIH-TRTFIG-EN.html
Tecnifibre,Tecnifibre TFight 280 RS Racket,164,90 €,179,99 €,152,90 €,0,0,0https://www.tenniswarehouse-europe.com/Tecnifibre_TFight_280_RS_Racket/descpageRCTECNIH-TRTFHR-EN.html
Tecnifibre,Tecnifibre TF40 (305) Racket,172,48 €,239,99 €,-1,0,0,0https://www.tenniswarehouse-europe.com/Tecnifibre_TF40_305_Racket/descpageRCTECNIH-TF4005-EN.html
Tecnifibre,Tecnifibre TF40 (315) Racket,209,89 €,239,99 €,199,90 €,0,0,0https://www.tenniswarehouse-europe.com/Tecnifibre_TF40_315_Racket/descpageRCTECNIH-TF4015-EN.html
Tecnifibre,Tecnifibre T-Rebound 285 Tempo3 Racket,149,90 €,189,99 €,-1,0,0,0https://www.tenniswarehouse-europe.com/Tecnifibre_T-Rebound_285_Tempo3_Racket/descpageRCTECNIH-TR3285-EN.html
Tecnifibre,Tecnifibre T-Rebound 270 Tempo3 Racket,112,90 €,149,99 €,-1,0,0,0https://www.tenniswarehouse-europe.com/Tecnifibre_T-Rebound_270_Tempo3_Racket/descpageRCTECNIH-TR3270-EN.html
Tecnifibre,Tecnifibre T-Rebound 260 Tempo3 Racket,134,90 €,179,99 €,122,95 €,0,0,1https://www.tenniswarehouse-europe.com/Tecnifibre_T-Rebound_260_Tempo3_Racket/descpageRCTECNIH-TR3260-EN.html
Tecnifibre,Tecnifibre T-Rebound 255 Tempo3 Racket,94,90 €,119,99 €,87,44 €,0,0,0https://www.tenniswarehouse-europe.com/Tecnifibre_T-Rebound_255_Tempo3_Racket/descpageRCTECNIH-TR3255-EN.html
Tecnifibre,Tecnifibre TFlash (300) CES Racket,149,90 €,209,99 €,-1,0,0,0https://www.tenniswarehouse-europe.com/Tecnifibre_TFlash_300_CES_Racket/descpageRCTECNIH-TF30C-EN.html
Tecnifibre,Tecnifibre TFlash (285) CES Racket,125,90 €,179,99 €,-1,0,0,1https://www.tenniswarehouse-europe.com/Tecnifibre_TFlash_285_CES_Racket/descpageRCTECNIH-TF85C-EN.html
Tecnifibre,Tecnifibre TFlash (255) CES Racket,99,99 €,-1,139,99 €,0,0,1https://www.tenniswarehouse-europe.com/Tecnifibre_TFlash_255_CES_Racket/descpageRCTECNIH-TF255C-EN.html
Tecnifibre,Tecnifibre TFight 26 Team Junior Racket,50,00 €,54,99 €,-1,0,0,0https://www.tenniswarehouse-europe.com/Tecnifibre_TFight_26_Team_Junior_Racket/descpageRCTECNIH-TRTF26T-EN.html
Tecnifibre,Tecnifibre TFight 25 Team Junior Racket,44,99 €,49,99 €,-1,0,0,0https://www.tenniswarehouse-europe.com/Tecnifibre_TFight_25_Team_Junior_Racket/descpageRCTECNIH-TRTF25T-EN.html
Tecnifibre,Tecnifibre TFight 24 Team Junior Racket,39,98 €,44,99 €,-1,0,0,0https://www.tenniswarehouse-europe.com/Tecnifibre_TFight_24_Team_Junior_Racket/descpageRCTECNIH-TRTF24T-EN.html
Tecnifibre,Tecnifibre TFight 26 Tour Junior Racket,79,99 €,89,99 €,-1,0,0,0https://www.tenniswarehouse-europe.com/Tecnifibre_TFight_26_Tour_Junior_Racket/descpageRCTECNIH-TRTFTJ-EN.html
Tecnifibre,Tecnifibre TFight 25 Tour Junior Racket,76,48 €,84,99 €,-1,0,0,0https://www.tenniswarehouse-europe.com/Tecnifibre_TFight_25_Tour_Junior_Racket/descpageRCTECNIH-TRTF25J-EN.html
Tecnifibre,Tecnifibre Bullit 25 RS Junior Racket,16,90 €,25,95 €,-1,0,0,1https://www.tenniswarehouse-europe.com/Tecnifibre_Bullit_25_RS_Junior_Racket/descpageRCTECNIH-TB25J-EN.html
Tecnifibre,Tecnifibre T-Rebound 25 Junior Racket,23,89 €,26,95 €,-1,0,0,0https://www.tenniswarehouse-europe.com/Tecnifibre_T-Rebound_25_Junior_Racket/descpageRCTECNIH-TTR25JR-EN.html
Tecnifibre,Tecnifibre T-Rebound 23 Junior Racket,21,90 €,24,95 €,-1,0,0,0https://www.tenniswarehouse-europe.com/Tecnifibre_T-Rebound_23_Junior_Racket/descpageRCTECNIH-TTR23JR-EN.html
Tecnifibre,Tecnifibre T-Rebound 21 Junior Racket,19,90 €,22,95 €,-1,0,0,0https://www.tenniswarehouse-europe.com/Tecnifibre_T-Rebound_21_Junior_Racket/descpageRCTECNIH-TTR21JR-EN.html
Tecnifibre,Tecnifibre T-Rebound 19 Junior Racket,17,91 €,20,95 €,-1,0,0,0https://www.tenniswarehouse-europe.com/Tecnifibre_T-Rebound_19_Junior_Racket/descpageRCTECNIH-TTR19JR-EN.html
ProKennex,ProKennex Ki Black Ace Pro (305g) Racket,205,89 €,229,00 €,183,20 €,1,0,0https://www.tenniswarehouse-europe.com/ProKennex_Ki_Black_Ace_Pro_305g_Racket/descpageRCWESTGUT-KIBAP3-EN.html
ProKennex,ProKennex Ki Q+5 Pro (315g) Racket,178,89 €,199,00 €,169,15 €,1,0,0https://www.tenniswarehouse-europe.com/ProKennex_Ki_Q5_Pro_315g_Racket/descpageRCWESTGUT-Q5KIP1-EN.html
ProKennex,ProKennex Ki Q+5X Pro (305g) Racket,178,89 €,199,00 €,169,15 €,1,0,0https://www.tenniswarehouse-europe.com/ProKennex_Ki_Q5X_Pro_305g_Racket/descpageRCWESTGUT-Q5XKP0-EN.html
ProKennex,ProKennex Ki Q+5 (300g) Racket,178,89 €,199,00 €,169,15 €,1,0,0https://www.tenniswarehouse-europe.com/ProKennex_Ki_Q5_300g_Racket/descpageRCWESTGUT-Q5KI30-EN.html
ProKennex,ProKennex Ki Q+5 Light (280g) Racket,178,89 €,199,00 €,169,15 €,1,0,0https://www.tenniswarehouse-europe.com/ProKennex_Ki_Q5_Light_280g_Racket/descpageRCWESTGUT-Q5KIL8-EN.html
ProKennex,ProKennex Ki Q+15 Pro (305g) Racket,205,89 €,229,00 €,194,66 €,1,0,0https://www.tenniswarehouse-europe.com/ProKennex_Ki_Q15_Pro_305g_Racket/descpageRCWESTGUT-Q15KI0-EN.html
ProKennex,ProKennex Ki Q+15 (285g) Racket,205,89 €,229,00 €,194,66 €,1,0,0https://www.tenniswarehouse-europe.com/ProKennex_Ki_Q15_285g_Racket/descpageRCWESTGUT-Q15KI8-EN.html
ProKennex,ProKennex Ki Q+15 Light (260g) Racket,205,89 €,229,00 €,194,66 €,1,0,0https://www.tenniswarehouse-europe.com/ProKennex_Ki_Q15_Light_260g_Racket/descpageRCWESTGUT-Q15KI6-EN.html
ProKennex,ProKennex Ki Q+20 (285g) Racket,210,90 €,235,00 €,199,75 €,1,0,0https://www.tenniswarehouse-europe.com/ProKennex_Ki_Q20_285g_Racket/descpageRCWESTGUT-Q20KI8-EN.html
ProKennex,ProKennex Ki Q+30 (260g) Racket,214,90 €,239,00 €,203,14 €,1,0,0https://www.tenniswarehouse-europe.com/ProKennex_Ki_Q30_260g_Racket/descpageRCWESTGUT-Q30KI6-EN.html
ProKennex,ProKennex Ki Q+Tour Pro (325g) Racket,178,89 €,199,00 €,169,15 €,1,0,0https://www.tenniswarehouse-europe.com/ProKennex_Ki_QTour_Pro_325g_Racket/descpageRCWESTGUT-QTKIP2-EN.html
ProKennex,ProKennex Ki Q+Tour Pro (315g) Racket,178,89 €,199,00 €,169,15 €,1,0,0https://www.tenniswarehouse-europe.com/ProKennex_Ki_QTour_Pro_315g_Racket/descpageRCWESTGUT-QTKIM0-EN.html
ProKennex,ProKennex Ki Q+Tour (300g) Racket,178,89 €,199,00 €,169,15 €,1,0,0https://www.tenniswarehouse-europe.com/ProKennex_Ki_QTour_300g_Racket/descpageRCWESTGUT-QTKI30-EN.html
ProKennex,ProKennex Ki Black Ace (315g) Racket ,205,89 €,229,00 €,182,90 €,0,0,0https://www.tenniswarehouse-europe.com/ProKennex_Ki_Black_Ace_315g_Racket_/descpageRCWESTGUT-315PBA-EN.html
ProKennex,ProKennex Ki Black Ace (300g) Racket ,205,89 €,229,00 €,182,90 €,0,0,0https://www.tenniswarehouse-europe.com/ProKennex_Ki_Black_Ace_300g_Racket_/descpageRCWESTGUT-300PBA-EN.html
ProKennex,ProKennex Ki Black Ace (285g) Racket ,205,89 €,229,00 €,182,90 €,0,0,0https://www.tenniswarehouse-europe.com/ProKennex_Ki_Black_Ace_285g_Racket_/descpageRCWESTGUT-285PBA-EN.html
ProKennex,ProKennex Ki 5 (300g) Racket ,169,90 €,189,00 €,151,92 €,0,0,0https://www.tenniswarehouse-europe.com/ProKennex_Ki_5_300g_Racket_/descpageRCWESTGUT-300KI5-EN.html
ProKennex,ProKennex Ki 5 (320g) Racket ,169,90 €,189,00 €,-1,0,0,0https://www.tenniswarehouse-europe.com/ProKennex_Ki_5_320g_Racket_/descpageRCWESTGUT-320KI5-EN.html
ProKennex,ProKennex Ki 5 (280g) Racket ,169,90 €,189,00 €,151,92 €,0,0,0https://www.tenniswarehouse-europe.com/ProKennex_Ki_5_280g_Racket_/descpageRCWESTGUT-280KI5-EN.html
ProKennex,ProKennex Ki 5 (260g) Racket ,169,90 €,189,00 €,151,90 €,0,0,0https://www.tenniswarehouse-europe.com/ProKennex_Ki_5_260g_Racket_/descpageRCWESTGUT-260KI5-EN.html
ProKennex,ProKennex Ki 10 (305g) Racket ,139,90 €,199,00 €,-1,0,0,0https://www.tenniswarehouse-europe.com/ProKennex_Ki_10_305g_Racket_/descpageRCWESTGUT-305KIP-EN.html
ProKennex,ProKennex Ki 15 (300g) Racket ,178,89 €,199,00 €,159,90 €,0,0,0https://www.tenniswarehouse-europe.com/ProKennex_Ki_15_300g_Racket_/descpageRCWESTGUT-300KIP-EN.html
ProKennex,ProKennex Ki 15 (280g) Racket ,178,89 €,199,00 €,159,90 €,0,0,0https://www.tenniswarehouse-europe.com/ProKennex_Ki_15_280g_Racket_/descpageRCWESTGUT-280KIP-EN.html
ProKennex,ProKennex Ki 15 (260g) Racket ,178,89 €,199,00 €,159,90 €,0,0,0https://www.tenniswarehouse-europe.com/ProKennex_Ki_15_260g_Racket_/descpageRCWESTGUT-260KIP-EN.html
ProKennex,ProKennex Ki Q+ Tour Pro (315g) Racket,119,99 €,199,00 €,-1,0,0,1https://www.tenniswarehouse-europe.com/ProKennex_Ki_Q_Tour_Pro_315g_Racket/descpageRCWESTGUT-PK15TP-EN.html
ProKennex,ProKennex Ki Q+ Tour Pro (325g) Racket,119,99 €,199,00 €,-1,0,0,1https://www.tenniswarehouse-europe.com/ProKennex_Ki_Q_Tour_Pro_325g_Racket/descpageRCWESTGUT-PK25TP-EN.html
ProKennex,ProKennex Ki Q+ Tour (300g) Racket,119,99 €,199,00 €,-1,0,0,1https://www.tenniswarehouse-europe.com/ProKennex_Ki_Q_Tour_300g_Racket/descpageRCWESTGUT-PKQT19-EN.html
ProKennex,ProKennex Ki Q+ 5X Pro (310g) Racket,119,99 €,199,00 €,-1,0,0,1https://www.tenniswarehouse-europe.com/ProKennex_Ki_Q_5X_Pro_310g_Racket/descpageRCWESTGUT-PKQ5X-EN.html
ProKennex,ProKennex Ki Q+ 5 Pro (310g) Racket,119,99 €,199,00 €,-1,0,0,1https://www.tenniswarehouse-europe.com/ProKennex_Ki_Q_5_Pro_310g_Racket/descpageRCWESTGUT-PKQ5PR-EN.html
ProKennex,ProKennex Ki Q+ 5 (290g) Racket,119,99 €,199,00 €,-1,0,0,1https://www.tenniswarehouse-europe.com/ProKennex_Ki_Q_5_290g_Racket/descpageRCWESTGUT-PKQ5R-EN.html
ProKennex,ProKennex Ki Q+ 5 Light (275g) Racket ,119,99 €,199,00 €,-1,0,0,1https://www.tenniswarehouse-europe.com/ProKennex_Ki_Q_5_Light_275g_Racket_/descpageRCWESTGUT-PKQ5LR-EN.html
ProKennex,ProKennex Ki Q+ 15 Light (260g) Racket,124,91 €,219,00 €,-1,0,0,1https://www.tenniswarehouse-europe.com/ProKennex_Ki_Q_15_Light_260g_Racket/descpageRCWESTGUT-PK15LR-EN.html
Wilson,Wilson Clash 100 Pro (Tour) Silver Racket,219,90 €,260,00 €,209,89 €,1,0,0https://www.tenniswarehouse-europe.com/Wilson_Clash_100_Pro_Tour_Silver_Racket/descpageRCWILSON-WCC1PS-EN.html
Wilson,Wilson Clash 100 Silver Racket,219,90 €,260,00 €,209,89 €,1,0,0https://www.tenniswarehouse-europe.com/Wilson_Clash_100_Silver_Racket/descpageRCWILSON-WRC10SI-EN.html
Wilson,Wilson Clash 100L Silver Racket,214,90 €,240,00 €,203,89 €,1,0,0https://www.tenniswarehouse-europe.com/Wilson_Clash_100L_Silver_Racket/descpageRCWILSON-WRC1LS-EN.html
Wilson,Wilson Clash 100 Reverse Racket,179,90 €,250,00 €,-1,0,0,0https://www.tenniswarehouse-europe.com/Wilson_Clash_100_Reverse_Racket/descpageRCWILSON-WRC100R-EN.html
Wilson,Wilson Clash 100 Racket,178,89 €,250,00 €,-1,0,1,0https://www.tenniswarehouse-europe.com/Wilson_Clash_100_Racket/descpageRCWILSON-WC100R-EN.html
Wilson,Wilson Clash 100 Pro (Tour) Racket,169,90 €,250,00 €,-1,0,0,1https://www.tenniswarehouse-europe.com/Wilson_Clash_100_Pro_Tour_Racket/descpageRCWILSON-WCTR-EN.html
Wilson,Wilson Clash 100 UL Racket,159,90 €,200,00 €,-1,0,0,0https://www.tenniswarehouse-europe.com/Wilson_Clash_100_UL_Racket/descpageRCWILSON-WC100U-EN.html
Wilson,Wilson Clash 100L Racket,145,95 €,230,00 €,-1,0,0,0https://www.tenniswarehouse-europe.com/Wilson_Clash_100L_Racket/descpageRCWILSON-WC100L-EN.html
Wilson,Wilson Clash 108 Racket,199,90 €,230,00 €,-1,0,0,0https://www.tenniswarehouse-europe.com/Wilson_Clash_108_Racket/descpageRCWILSON-WC108R-EN.html
Wilson,Wilson Clash 98 Racket,172,91 €,280,00 €,-1,0,0,0https://www.tenniswarehouse-europe.com/Wilson_Clash_98_Racket/descpageRCWILSON-WC98R-EN.html
Wilson,Wilson Clash 100 Reverse Racket,179,90 €,250,00 €,-1,0,0,0https://www.tenniswarehouse-europe.com/Wilson_Clash_100_Reverse_Racket/descpageRCWILSON-WRC100R-EN.html
Wilson,Wilson Ultra 100 V3.0 Reverse Racket,169,90 €,220,00 €,154,90 €,0,0,0https://www.tenniswarehouse-europe.com/Wilson_Ultra_100_V30_Reverse_Racket/descpageRCWILSON-WRUR-EN.html
Wilson,Wilson Pro Staff RF 97 V13.0 Racket,209,96 €,300,00 €,-1,0,1,0https://www.tenniswarehouse-europe.com/Wilson_Pro_Staff_RF_97_V130_Racket/descpageRCWILSON-97V13R-EN.html
Wilson,Wilson Pro Staff 97 V13.0 Racket,199,90 €,280,00 €,-1,0,1,0https://www.tenniswarehouse-europe.com/Wilson_Pro_Staff_97_V130_Racket/descpageRCWILSON-W97V13-EN.html
Wilson,Wilson Pro Staff 97L V13.0 Racket,179,90 €,240,00 €,169,90 €,0,0,0https://www.tenniswarehouse-europe.com/Wilson_Pro_Staff_97L_V130_Racket/descpageRCWILSON-97LV13-EN.html
Wilson,Wilson Pro Staff 97UL V13.0 Racket,188,90 €,210,00 €,174,95 €,0,0,0https://www.tenniswarehouse-europe.com/Wilson_Pro_Staff_97UL_V130_Racket/descpageRCWILSON-97UL13-EN.html
Wilson,Wilson Pro Staff Precision 100 Racket,79,91 €,-1,100,00 €,0,0,0https://www.tenniswarehouse-europe.com/Wilson_Pro_Staff_Precision_100_Racket/descpageRCWILSON-PSP100-EN.html
Wilson,Wilson Pro Staff Precision 103 Racket,60,00 €,80,00 €,-1,0,0,0https://www.tenniswarehouse-europe.com/Wilson_Pro_Staff_Precision_103_Racket/descpageRCWILSON-PSP103-EN.html
Wilson,Wilson Roland Garros Blade 98 16x19 Racket,217,95 €,250,00 €,200,00 €,1,0,0https://www.tenniswarehouse-europe.com/Wilson_Roland_Garros_Blade_98_16x19_Racket/descpageRCWILSON-WRB981-EN.html
Wilson,Wilson Blade 102 SW Racket,204,89 €,270,00 €,-1,0,0,1https://www.tenniswarehouse-europe.com/Wilson_Blade_102_SW_Racket/descpageRCWILSON-B102SW-EN.html
Wilson,Wilson Blade 98 16x19 V7.0 Racket,168,00 €,240,00 €,-1,0,0,1https://www.tenniswarehouse-europe.com/Wilson_Blade_98_16x19_V70_Racket/descpageRCWILSON-981619-EN.html
Wilson,Wilson Blade 98 18x20 V7.0 Racket,197,90 €,240,00 €,-1,0,0,1https://www.tenniswarehouse-europe.com/Wilson_Blade_98_18x20_V70_Racket/descpageRCWILSON-981820-EN.html
Wilson,Wilson Blade 98S 18x16 V7.0 Racket,179,90 €,240,00 €,-1,0,0,0https://www.tenniswarehouse-europe.com/Wilson_Blade_98S_18x16_V70_Racket/descpageRCWILSON-98S18R-EN.html
Wilson,Wilson Blade 104 V7.0 Racket,157,90 €,210,00 €,-1,0,0,1https://www.tenniswarehouse-europe.com/Wilson_Blade_104_V70_Racket/descpageRCWILSON-98104B-EN.html
Wilson,Wilson Blade 101 L V7.0 Racket,94,90 €,-1,120,00 €,0,0,0https://www.tenniswarehouse-europe.com/Wilson_Blade_101_L_V70_Racket/descpageRCWILSON-98101L-EN.html
Wilson,Wilson Blade 100 L V7.0 Racket,169,90 €,200,00 €,-1,0,0,0https://www.tenniswarehouse-europe.com/Wilson_Blade_100_L_V70_Racket/descpageRCWILSON-98100L-EN.html
Wilson,Wilson Blade 100 UL V7.0 Racket,159,90 €,190,00 €,134,95 €,0,0,0https://www.tenniswarehouse-europe.com/Wilson_Blade_100_UL_V70_Racket/descpageRCWILSON-98100U-EN.html
Wilson,Wilson Blade Feel 105 Racket,60,00 €,80,00 €,-1,0,0,1https://www.tenniswarehouse-europe.com/Wilson_Blade_Feel_105_Racket/descpageRCWILSON-BRF105-EN.html
Wilson,Wilson Roland Garros Ultra 100 Racket,199,94 €,230,00 €,184,00 €,1,0,0https://www.tenniswarehouse-europe.com/Wilson_Roland_Garros_Ultra_100_Racket/descpageRCWILSON-WRCR1-EN.html
Wilson,Wilson Ultra 100 V3.0 Reverse Racket,169,90 €,220,00 €,154,90 €,0,0,0https://www.tenniswarehouse-europe.com/Wilson_Ultra_100_V30_Reverse_Racket/descpageRCWILSON-WRUR-EN.html
Wilson,Wilson Minions Ultra 100 Racket,206,91 €,230,00 €,190,01 €,1,0,0https://www.tenniswarehouse-europe.com/Wilson_Minions_Ultra_100_Racket/descpageRCWILSON-WRMU-EN.html
Wilson,Wilson Minions Ultra 103 Racket,69,90 €,80,00 €,62,95 €,1,0,0https://www.tenniswarehouse-europe.com/Wilson_Minions_Ultra_103_Racket/descpageRCWILSON-WRMUL-EN.html
Wilson,Wilson Ultra 100 V3.0 Racket,163,90 €,220,00 €,-1,0,0,1https://www.tenniswarehouse-europe.com/Wilson_Ultra_100_V30_Racket/descpageRCWILSON-U100CF-EN.html
Wilson,Wilson Ultra 100L V3.0 Racket,149,90 €,190,00 €,127,94 €,0,0,0https://www.tenniswarehouse-europe.com/Wilson_Ultra_100L_V30_Racket/descpageRCWILSON-U100LC-EN.html
Wilson,Wilson Ultra 108 V3.0 Racket,139,90 €,200,00 €,-1,0,0,0https://www.tenniswarehouse-europe.com/Wilson_Ultra_108_V30_Racket/descpageRCWILSON-U108CF-EN.html
Wilson,Wilson Ultra 100UL V3.0 Racket,124,91 €,170,00 €,-1,0,0,0https://www.tenniswarehouse-europe.com/Wilson_Ultra_100UL_V30_Racket/descpageRCWILSON-U100UC-EN.html
Wilson,Wilson Ultra Power 100 Racket,89,90 €,-1,100,00 €,1,0,0https://www.tenniswarehouse-europe.com/Wilson_Ultra_Power_100_Racket/descpageRCWILSON-WRP100-EN.html
Wilson,Wilson Burn 100 Racket,144,86 €,180,00 €,-1,0,0,1https://www.tenniswarehouse-europe.com/Wilson_Burn_100_Racket/descpageRCWILSON-BURN1R-EN.html
Wilson,Wilson Burn 100 LS Racket,139,90 €,160,00 €,-1,0,0,1https://www.tenniswarehouse-europe.com/Wilson_Burn_100_LS_Racket/descpageRCWILSON-LSBURN-EN.html
Wilson,Wilson Burn 100 ULS Racket,110,00 €,140,00 €,-1,0,0,1https://www.tenniswarehouse-europe.com/Wilson_Burn_100_ULS_Racket/descpageRCWILSON-WB1ULS-EN.html
Wilson,Wilson Roland Garros Blade 98 16x19 Racket,217,95 €,250,00 €,200,00 €,1,0,0https://www.tenniswarehouse-europe.com/Wilson_Roland_Garros_Blade_98_16x19_Racket/descpageRCWILSON-WRB981-EN.html
Wilson,Wilson Roland Garros Ultra 100 Racket,199,94 €,230,00 €,184,00 €,1,0,0https://www.tenniswarehouse-europe.com/Wilson_Roland_Garros_Ultra_100_Racket/descpageRCWILSON-WRCR1-EN.html
Wilson,Wilson Roland Garros Team Racket,116,91 €,130,00 €,105,90 €,1,0,0https://www.tenniswarehouse-europe.com/Wilson_Roland_Garros_Team_Racket/descpageRCWILSON-WRRGT-EN.html
Wilson,Wilson Roland Garros Triumph Racket,69,90 €,80,00 €,62,95 €,1,0,0https://www.tenniswarehouse-europe.com/Wilson_Roland_Garros_Triumph_Racket/descpageRCWILSON-WRRGTR-EN.html
Wilson,Wilson Roland Garros Equipe HP Racket,89,90 €,100,00 €,80,91 €,1,0,0https://www.tenniswarehouse-europe.com/Wilson_Roland_Garros_Equipe_HP_Racket/descpageRCWILSON-WRRGEHP-EN.html
Wilson,Wilson Roland Garros Team Racket,80,00 €,-1,130,00 €,0,0,1https://www.tenniswarehouse-europe.com/Wilson_Roland_Garros_Team_Racket/descpageRCWILSON-WRGTRA-EN.html
Wilson,Wilson Six.One 95 Team Racket,89,90 €,-1,140,00 €,0,0,1https://www.tenniswarehouse-europe.com/Wilson_SixOne_95_Team_Racket/descpageRCWILSON-W61RWH-EN.html
Wilson,Wilson Six.One 102 Lite Racket,94,90 €,-1,149,95 €,0,0,1https://www.tenniswarehouse-europe.com/Wilson_SixOne_102_Lite_Racket/descpageRCWILSON-W102LWR-EN.html
Wilson,Wilson Minions 25 Junior Racket,35,90 €,40,00 €,-1,1,0,0https://www.tenniswarehouse-europe.com/Wilson_Minions_25_Junior_Racket/descpageRCWILSON-WRM25-EN.html
Wilson,Wilson Minions 23 Junior Racket,31,91 €,35,00 €,-1,1,0,0https://www.tenniswarehouse-europe.com/Wilson_Minions_23_Junior_Racket/descpageRCWILSON-WRM23-EN.html
Wilson,Wilson Minions 21 Junior Racket,31,91 €,35,00 €,-1,1,0,0https://www.tenniswarehouse-europe.com/Wilson_Minions_21_Junior_Racket/descpageRCWILSON-WRM21-EN.html
Wilson,Wilson Roland Garros Elite 23 Junior Racket,-1,-1,-1,1,0,0https://www.tenniswarehouse-europe.com/Wilson_Roland_Garros_Elite_23_Junior_Racket/descpageRCWILSON-WJRRG23-EN.html
Wilson,Wilson Roland Garros Elite 21 Junior Racket,-1,-1,-1,1,0,0https://www.tenniswarehouse-europe.com/Wilson_Roland_Garros_Elite_21_Junior_Racket/descpageRCWILSON-WJRRG21-EN.html
Wilson,Wilson Roland Garros Elite 19 Junior Racket,-1,-1,-1,1,0,0https://www.tenniswarehouse-europe.com/Wilson_Roland_Garros_Elite_19_Junior_Racket/descpageRCWILSON-WJRRG19-EN.html
Wilson,Wilson Roland Garros Elite 17 Junior Racket,-1,-1,-1,1,0,0https://www.tenniswarehouse-europe.com/Wilson_Roland_Garros_Elite_17_Junior_Racket/descpageRCWILSON-WJRRG17-EN.html
Wilson,Wilson Pro Staff 26 Junior Racket,89,90 €,-1,110,00 €,0,0,1https://www.tenniswarehouse-europe.com/Wilson_Pro_Staff_26_Junior_Racket/descpageRCWILSON-PS26JU-EN.html
Wilson,Wilson Pro Staff 25 Junior Racket,89,90 €,-1,110,00 €,0,0,1https://www.tenniswarehouse-europe.com/Wilson_Pro_Staff_25_Junior_Racket/descpageRCWILSON-PS25JU-EN.html
Wilson,Wilson Ultra Junior 25 V3.0 Racket,98,90 €,-1,110,00 €,0,0,0https://www.tenniswarehouse-europe.com/Wilson_Ultra_Junior_25_V30_Racket/descpageRCWILSON-U25V3-EN.html
Wilson,Wilson Clash 25 Junior Racket,98,90 €,-1,110,00 €,0,0,0https://www.tenniswarehouse-europe.com/Wilson_Clash_25_Junior_Racket/descpageRCWILSON-WC25JR-EN.html
Wilson,Wilson Blade 25 Junior V7.0 Racket,-1,-1,-1,0,0,0https://www.tenniswarehouse-europe.com/Wilson_Blade_25_Junior_V70_Racket/descpageRCWILSON-WB25JUN-EN.html
Wilson,Wilson Ultra Power 26 Junior Racket,49,90 €,60,00 €,-1,1,0,0https://www.tenniswarehouse-europe.com/Wilson_Ultra_Power_26_Junior_Racket/descpageRCWILSON-WJRUP-EN.html
Wilson,Wilson Ultra Power 25 Junior Racket,47,90 €,55,00 €,-1,1,0,0https://www.tenniswarehouse-europe.com/Wilson_Ultra_Power_25_Junior_Racket/descpageRCWILSON-WJRUPW-EN.html
Wilson,Wilson Roger Federer 26 Junior Racket,39,90 €,45,00 €,-1,1,0,0https://www.tenniswarehouse-europe.com/Wilson_Roger_Federer_26_Junior_Racket/descpageRCWILSON-WJRF26-EN.html
Wilson,Wilson Roger Federer 25 Junior Racket,34,89 €,40,00 €,-1,1,0,0https://www.tenniswarehouse-europe.com/Wilson_Roger_Federer_25_Junior_Racket/descpageRCWILSON-WJRF25-EN.html
Wilson,Wilson Roger Federer 25 Junior Racket,28,00 €,40,00 €,-1,0,0,1https://www.tenniswarehouse-europe.com/Wilson_Roger_Federer_25_Junior_Racket/descpageRCWILSON-WRF25JU-EN.html
Wilson,Wilson Roger Federer 23 Junior Racket,31,91 €,35,00 €,-1,1,0,0https://www.tenniswarehouse-europe.com/Wilson_Roger_Federer_23_Junior_Racket/descpageRCWILSON-WJRF23-EN.html
Wilson,Wilson Roger Federer 21 Junior Racket,24,50 €,35,00 €,-1,0,0,1https://www.tenniswarehouse-europe.com/Wilson_Roger_Federer_21_Junior_Racket/descpageRCWILSON-WRF21JU-EN.html
Wilson,Wilson Roger Federer 21 Junior Racket,26,88 €,30,00 €,-1,1,0,0https://www.tenniswarehouse-europe.com/Wilson_Roger_Federer_21_Junior_Racket/descpageRCWILSON-WJRF21-EN.html
Wilson,Wilson Roger Federer 19 Junior Racket,22,90 €,25,00 €,-1,1,0,0https://www.tenniswarehouse-europe.com/Wilson_Roger_Federer_19_Junior_Racket/descpageRCWILSON-WJRF19-EN.html
Wilson,Wilson Roland Garros Elite 25 Junior Racket,-1,-1,-1,1,0,0https://www.tenniswarehouse-europe.com/Wilson_Roland_Garros_Elite_25_Junior_Racket/descpageRCWILSON-WJRRG25-EN.html
Wilson,Wilson Ultra Blue 25 Junior Racket,34,89 €,40,00 €,-1,1,0,0https://www.tenniswarehouse-europe.com/Wilson_Ultra_Blue_25_Junior_Racket/descpageRCWILSON-WJRUBL-EN.html
Wilson,Wilson Ultra Blue 23 Junior Racket,31,91 €,35,00 €,-1,1,0,0https://www.tenniswarehouse-europe.com/Wilson_Ultra_Blue_23_Junior_Racket/descpageRCWILSON-WJRUB-EN.html
Wilson,Wilson Ultra Blue 21 Junior Racket,26,88 €,30,00 €,-1,1,0,0https://www.tenniswarehouse-europe.com/Wilson_Ultra_Blue_21_Junior_Racket/descpageRCWILSON-WJRUBLU-EN.html
Wilson,Wilson Burn Pink 25 Junior Racket,34,89 €,40,00 €,-1,1,0,0https://www.tenniswarehouse-europe.com/Wilson_Burn_Pink_25_Junior_Racket/descpageRCWILSON-WJRBP-EN.html
Wilson,Wilson Burn Pink 23 Junior Racket,31,91 €,35,00 €,-1,1,0,0https://www.tenniswarehouse-europe.com/Wilson_Burn_Pink_23_Junior_Racket/descpageRCWILSON-WJRBPI-EN.html
Wilson,Wilson Burn Pink 21 Junior Racket,26,88 €,30,00 €,-1,1,0,0https://www.tenniswarehouse-europe.com/Wilson_Burn_Pink_21_Junior_Racket/descpageRCWILSON-WJRBPIN-EN.html
Lacoste,Lacoste L20 Racket,-1,-1,-1,1,0,0https://www.tenniswarehouse-europe.com/Lacoste_L20_Racket/descpageRCTECNIH-TRLA22-EN.html
Lacoste,Lacoste L20L Racket,-1,-1,-1,1,0,0https://www.tenniswarehouse-europe.com/Lacoste_L20L_Racket/descpageRCTECNIH-TRLA2L-EN.html
Dunlop,Dunlop Srixon CX 200 Tour 18x20 (315g) Rackets,196,90 €,239,95 €,177,95 €,1,0,0https://www.tenniswarehouse-europe.com/Dunlop_Srixon_CX_200_Tour_18x20_315g_Rackets/descpageRCDUNHGER-D200T8-EN.html
Dunlop,Dunlop Srixon CX 200 Tour 16x19 (310g) Rackets,219,90 €,239,95 €,197,90 €,1,0,0https://www.tenniswarehouse-europe.com/Dunlop_Srixon_CX_200_Tour_16x19_310g_Rackets/descpageRCDUNHGER-D200T6-EN.html
Dunlop,Dunlop Srixon CX 200 (305g) Rackets,179,90 €,229,95 €,169,90 €,1,0,0https://www.tenniswarehouse-europe.com/Dunlop_Srixon_CX_200_305g_Rackets/descpageRCDUNHGER-D200S-EN.html
Dunlop,Dunlop Srixon CX 200 OS (295g) Rackets,179,90 €,199,95 €,161,91 €,1,0,0https://www.tenniswarehouse-europe.com/Dunlop_Srixon_CX_200_OS_295g_Rackets/descpageRCDUNHGER-D200OS-EN.html
Dunlop,Dunlop Srixon CX 200 LS (290g) Rackets,171,90 €,214,95 €,154,71 €,0,0,1https://www.tenniswarehouse-europe.com/Dunlop_Srixon_CX_200_LS_290g_Rackets/descpageRCDUNHGER-D200LS-EN.html
Dunlop,Dunlop Srixon CX 400 Tour (300g) Rackets,188,90 €,209,95 €,170,91 €,1,0,0https://www.tenniswarehouse-europe.com/Dunlop_Srixon_CX_400_Tour_300g_Rackets/descpageRCDUNHGER-D400T-EN.html
Dunlop,Dunlop Srixon CX 400 (285g) Rackets,170,90 €,209,95 €,159,95 €,1,0,0https://www.tenniswarehouse-europe.com/Dunlop_Srixon_CX_400_285g_Rackets/descpageRCDUNHGER-DS400R-EN.html
Dunlop,Dunlop Srixon CX 200 Tour 18x20,130,00 €,239,95 €,-1,0,0,1https://www.tenniswarehouse-europe.com/Dunlop_Srixon_CX_200_Tour_18x20/descpageRCDUNHGER-DSCX2H-EN.html
Dunlop,Dunlop Srixon CX 200 Tour 16x19 (310g) Racket,119,95 €,239,95 €,-1,0,0,1https://www.tenniswarehouse-europe.com/Dunlop_Srixon_CX_200_Tour_16x19_310g_Racket/descpageRCDUNHGER-CX2H16-EN.html
Dunlop,Dunlop Srixon CX 200+,144,89 €,229,95 €,-1,0,0,0https://www.tenniswarehouse-europe.com/Dunlop_Srixon_CX_200/descpageRCDUNHGER-CX2HP-EN.html
Dunlop,Dunlop Srixon CX 200 (305g) Racket,119,90 €,229,95 €,-1,0,0,1https://www.tenniswarehouse-europe.com/Dunlop_Srixon_CX_200_305g_Racket/descpageRCDUNHGER-CX2H-EN.html
Dunlop,Dunlop Srixon CX 400,99,89 €,-1,199,95 €,0,0,1https://www.tenniswarehouse-europe.com/Dunlop_Srixon_CX_400/descpageRCDUNHGER-CX4H-EN.html
Dunlop,Dunlop Srixon CX 200 LS,119,99 €,214,95 €,-1,0,0,1https://www.tenniswarehouse-europe.com/Dunlop_Srixon_CX_200_LS/descpageRCDUNHGER-CX2HLS-EN.html
Dunlop,Dunlop FX 500 Tour Racket,179,90 €,199,95 €,169,90 €,1,0,0https://www.tenniswarehouse-europe.com/Dunlop_FX_500_Tour_Racket/descpageRCDUNHGER-FX500T-EN.html
Dunlop,Dunlop FX 500 Racket,159,90 €,189,95 €,149,90 €,0,1,0https://www.tenniswarehouse-europe.com/Dunlop_FX_500_Racket/descpageRCDUNHGER-FX500R-EN.html
Dunlop,Dunlop FX 500 LS Racket,164,90 €,179,95 €,149,90 €,1,0,0https://www.tenniswarehouse-europe.com/Dunlop_FX_500_LS_Racket/descpageRCDUNHGER-LSFX5D-EN.html
Dunlop,Dunlop FX 500 Lite Racket,139,90 €,164,95 €,129,90 €,0,0,1https://www.tenniswarehouse-europe.com/Dunlop_FX_500_Lite_Racket/descpageRCDUNHGER-FX500L-EN.html
Dunlop,Dunlop FX 700 Racket,144,89 €,169,95 €,-1,0,0,0https://www.tenniswarehouse-europe.com/Dunlop_FX_700_Racket/descpageRCDUNHGER-FX700R-EN.html
Dunlop,Dunlop SX 300 Racket,159,90 €,209,95 €,-1,0,0,0https://www.tenniswarehouse-europe.com/Dunlop_SX_300_Racket/descpageRCDUNHGER-RSX300-EN.html
Dunlop,Dunlop SX 300 Tour Racket,164,90 €,219,95 €,-1,0,0,0https://www.tenniswarehouse-europe.com/Dunlop_SX_300_Tour_Racket/descpageRCDUNHGER-SX300T-EN.html
Dunlop,Dunlop SX 300 LS Racket,139,90 €,199,95 €,-1,0,0,0https://www.tenniswarehouse-europe.com/Dunlop_SX_300_LS_Racket/descpageRCDUNHGER-RSX3LS-EN.html
Dunlop,Dunlop SX 600 Racket (270g),149,90 €,199,95 €,-1,0,0,0https://www.tenniswarehouse-europe.com/Dunlop_SX_600_Racket_270g/descpageRCDUNHGER-DSX60L-EN.html
Dunlop,Dunlop Srixon CV 3.0 F LS Racket,80,00 €,-1,199,95 €,0,0,1https://www.tenniswarehouse-europe.com/Dunlop_Srixon_CV_30_F_LS_Racket/descpageRCDUNHGER-RV3FLS-EN.html
Yonex,Yonex VCORE 100 (300g) Rackets,244,90 €,269,90 €,-1,1,0,0https://www.tenniswarehouse-europe.com/Yonex_VCORE_100_300g_Rackets/descpageRCYONEX-YVC100-EN.html
Yonex,Yonex VCORE 100L (280g) Rackets,220,89 €,259,90 €,-1,1,0,0https://www.tenniswarehouse-europe.com/Yonex_VCORE_100L_280g_Rackets/descpageRCYONEX-VC100L-EN.html
Yonex,Yonex VCORE 98L (285g) Rackets,187,75 €,259,90 €,-1,1,0,0https://www.tenniswarehouse-europe.com/Yonex_VCORE_98L_285g_Rackets/descpageRCYONEX-VCR98L-EN.html
Yonex,Yonex VCORE 98 (305g) Rackets,228,90 €,269,90 €,218,90 €,1,0,0https://www.tenniswarehouse-europe.com/Yonex_VCORE_98_305g_Rackets/descpageRCYONEX-YVCR98-EN.html
Yonex,Yonex VCORE 95 (310g) Rackets,228,90 €,269,90 €,-1,1,0,0https://www.tenniswarehouse-europe.com/Yonex_VCORE_95_310g_Rackets/descpageRCYONEX-YVCR95-EN.html
Yonex,Yonex VCORE Game 100 (270g) Rackets,159,90 €,189,90 €,-1,1,0,0https://www.tenniswarehouse-europe.com/Yonex_VCORE_Game_100_270g_Rackets/descpageRCYONEX-VCGA27-EN.html
Yonex,Yonex VCORE Ace (260g) Rackets,99,89 €,-1,119,90 €,1,0,0https://www.tenniswarehouse-europe.com/Yonex_VCORE_Ace_260g_Rackets/descpageRCYONEX-VCAC25-EN.html
Yonex,Yonex VCORE 98 (285g) Rackets,119,99 €,259,95 €,-1,0,0,1https://www.tenniswarehouse-europe.com/Yonex_VCORE_98_285g_Rackets/descpageRCYONEX-VCP98-EN.html
Yonex,Yonex VCORE 100 (300g) Rackets,119,99 €,259,95 €,-1,0,0,0https://www.tenniswarehouse-europe.com/Yonex_VCORE_100_300g_Rackets/descpageRCYONEX-VC1H-EN.html
Yonex,Yonex VCORE Game (270g) Rackets,99,99 €,-1,189,95 €,0,0,1https://www.tenniswarehouse-europe.com/Yonex_VCORE_Game_270g_Rackets/descpageRCYONEX-VCPGA-EN.html
Yonex,Yonex EZONE 98 Tour (315g) Racket,199,90 €,249,90 €,189,89 €,1,0,0https://www.tenniswarehouse-europe.com/Yonex_EZONE_98_Tour_315g_Racket/descpageRCYONEX-YEZ98T-EN.html
Yonex,Yonex EZONE 98 (305g) Racket,169,90 €,249,90 €,-1,0,1,0https://www.tenniswarehouse-europe.com/Yonex_EZONE_98_305g_Racket/descpageRCYONEX-305YEZ-EN.html
Yonex,Yonex EZONE 98L (285g) Racket,174,91 €,239,90 €,-1,0,0,1https://www.tenniswarehouse-europe.com/Yonex_EZONE_98L_285g_Racket/descpageRCYONEX-YE98L2-EN.html
Yonex,Yonex EZONE 100 (300g) Racket,169,90 €,249,90 €,-1,0,1,0https://www.tenniswarehouse-europe.com/Yonex_EZONE_100_300g_Racket/descpageRCYONEX-YE100-EN.html
Yonex,Yonex EZONE 100L (285g) Racket,169,90 €,239,90 €,-1,0,0,0https://www.tenniswarehouse-europe.com/Yonex_EZONE_100L_285g_Racket/descpageRCYONEX-YE10LI-EN.html
Yonex,Yonex EZONE 100 SL (270g) Racket,169,90 €,229,90 €,-1,0,0,0https://www.tenniswarehouse-europe.com/Yonex_EZONE_100_SL_270g_Racket/descpageRCYONEX-100270-EN.html
Yonex,Yonex EZONE 105 (275g) Racket,189,89 €,239,90 €,169,90 €,0,0,0https://www.tenniswarehouse-europe.com/Yonex_EZONE_105_275g_Racket/descpageRCYONEX-YE105-EN.html
Yonex,Yonex EZONE 108 (255g) Racket,159,90 €,199,90 €,139,90 €,0,0,0https://www.tenniswarehouse-europe.com/Yonex_EZONE_108_255g_Racket/descpageRCYONEX-YE108R-EN.html
Yonex,Yonex EZONE ACE (260g) Racket,80,00 €,-1,119,90 €,0,0,0https://www.tenniswarehouse-europe.com/Yonex_EZONE_ACE_260g_Racket/descpageRCYONEX-ACE260-EN.html
Yonex,Yonex EZONE FEEL (250g) Blue Racket,119,99 €,179,90 €,-1,0,0,0https://www.tenniswarehouse-europe.com/Yonex_EZONE_FEEL_250g_Blue_Racket/descpageRCYONEX-FEEL25-EN.html
Yonex,Yonex EZONE 108 Racket,80,00 €,-1,189,95 €,0,0,1https://www.tenniswarehouse-europe.com/Yonex_EZONE_108_Racket/descpageRCYONEX-YEZ108-EN.html
Yonex,Yonex VCORE PRO 97 (330g) Rackets,179,90 €,275,00 €,162,95 €,0,0,1https://www.tenniswarehouse-europe.com/Yonex_VCORE_PRO_97_330g_Rackets/descpageRCYONEX-VC9330-EN.html
Yonex,Yonex VCORE PRO 97 (310g) Rackets,159,90 €,275,00 €,-1,0,0,1https://www.tenniswarehouse-europe.com/Yonex_VCORE_PRO_97_310g_Rackets/descpageRCYONEX-VC9310-EN.html
Yonex,Yonex VCORE PRO 97 (290g) Rackets,159,90 €,275,00 €,-1,0,0,1https://www.tenniswarehouse-europe.com/Yonex_VCORE_PRO_97_290g_Rackets/descpageRCYONEX-VC9290-EN.html
Yonex,Yonex VCORE PRO 97HD (320g) Rackets,184,90 €,275,00 €,169,90 €,0,0,1https://www.tenniswarehouse-europe.com/Yonex_VCORE_PRO_97HD_320g_Rackets/descpageRCYONEX-VC9320-EN.html
Yonex,Yonex VCORE PRO 100 (300g) Rackets,159,90 €,260,00 €,-1,0,0,1https://www.tenniswarehouse-europe.com/Yonex_VCORE_PRO_100_300g_Rackets/descpageRCYONEX-VC1300-EN.html
Yonex,Yonex VCORE PRO 100 (280g) Rackets,119,90 €,260,00 €,-1,0,0,1https://www.tenniswarehouse-europe.com/Yonex_VCORE_PRO_100_280g_Rackets/descpageRCYONEX-VC1280-EN.html
Yonex,Yonex VCORE PRO 100 Alpha (290g) Rackets,119,99 €,200,00 €,-1,0,0,1https://www.tenniswarehouse-europe.com/Yonex_VCORE_PRO_100_Alpha_290g_Rackets/descpageRCYONEX-VCA290-EN.html
Yonex,Yonex VCORE PRO 100 Alpha (270g) Rackets,109,90 €,200,00 €,-1,0,0,1https://www.tenniswarehouse-europe.com/Yonex_VCORE_PRO_100_Alpha_270g_Rackets/descpageRCYONEX-VCA270-EN.html
Yonex,Yonex VCORE Pro 97 (290g) Racket,119,99 €,275,00 €,-1,0,0,1https://www.tenniswarehouse-europe.com/Yonex_VCORE_Pro_97_290g_Racket/descpageRCYONEX-VPROLT-EN.html
Yonex,Yonex VCORE Galaxy Black 98 (285g) Rackets,109,90 €,259,95 €,-1,0,0,1https://www.tenniswarehouse-europe.com/Yonex_VCORE_Galaxy_Black_98_285g_Rackets/descpageRCYONEX-VC98LB-EN.html
Yonex,Yonex VCORE Galaxy Black Game (270g) Rackets,99,99 €,-1,189,95 €,0,0,1https://www.tenniswarehouse-europe.com/Yonex_VCORE_Galaxy_Black_Game_270g_Rackets/descpageRCYONEX-VCGGB-EN.html
Yonex,Yonex VCORE 26 Junior Racket,89,90 €,-1,109,90 €,1,0,0https://www.tenniswarehouse-europe.com/Yonex_VCORE_26_Junior_Racket/descpageRCYONEX-VC26NE-EN.html
Yonex,Yonex VCORE 25 Junior Racket,84,89 €,99,90 €,-1,1,0,0https://www.tenniswarehouse-europe.com/Yonex_VCORE_25_Junior_Racket/descpageRCYONEX-VC25NE-EN.html
Yonex,Yonex EZONE 26 Deep Blue Junior Racket,79,91 €,90,00 €,-1,0,0,0https://www.tenniswarehouse-europe.com/Yonex_EZONE_26_Deep_Blue_Junior_Racket/descpageRCYONEX-EZJ26-EN.html
Yonex,Yonex EZONE 25 Deep Blue Junior Racket,71,90 €,80,00 €,-1,0,0,0https://www.tenniswarehouse-europe.com/Yonex_EZONE_25_Deep_Blue_Junior_Racket/descpageRCYONEX-EZJ25-EN.html
Yonex,Yonex VCORE 25 Junior Racket,64,90 €,99,95 €,-1,0,0,1https://www.tenniswarehouse-europe.com/Yonex_VCORE_25_Junior_Racket/descpageRCYONEX-YJVC25-EN.html
Vintage Tennis Rackets,Head Pro Tour 2.0 Rackets,-1,-1,-1,0,0,0https://www.tenniswarehouse-europe.com/Head_Pro_Tour_20_Rackets/descpageRCHEAD-HDPT2-EN.html
Vintage Tennis Rackets,Volkl Classic V1 Racket,150,00 €,200,00 €,144,89 €,0,0,0https://www.tenniswarehouse-europe.com/Volkl_Classic_V1_Racket/descpageRCVOLKLGH-VV1C-EN.html
Vintage Tennis Rackets,Wilson Six.One 95 Team Racket,89,90 €,-1,140,00 €,0,0,1https://www.tenniswarehouse-europe.com/Wilson_SixOne_95_Team_Racket/descpageRCWILSON-W61RWH-EN.html
Prince,Prince Ripstick 100 (280g) Racket ,204,85 €,229,95 €,184,40 €,1,0,0https://www.tenniswarehouse-europe.com/Prince_Ripstick_100_280g_Racket_/descpageRCPRINCEH-PRIPSL-EN.html
Prince,Prince Ripstick 100 (300g) Racket ,204,85 €,229,95 €,184,40 €,1,0,0https://www.tenniswarehouse-europe.com/Prince_Ripstick_100_300g_Racket_/descpageRCPRINCEH-PRIPS-EN.html
Prince,Prince Synergy 98 (305g) Racket,188,96 €,209,95 €,170,05 €,1,0,0https://www.tenniswarehouse-europe.com/Prince_Synergy_98_305g_Racket/descpageRCPRINCEH-PSYNG-EN.html
Prince,Prince O3 Tattoo 310g Racket ,184,95 €,250,00 €,174,95 €,0,0,0https://www.tenniswarehouse-europe.com/Prince_O3_Tattoo_310g_Racket_/descpageRCPRINCEH-PRATOO-EN.html
Prince,Prince O3 Tattoo 290g Racket ,214,90 €,250,00 €,202,41 €,0,0,0https://www.tenniswarehouse-europe.com/Prince_O3_Tattoo_290g_Racket_/descpageRCPRINCEH-PROTO-EN.html
Prince,Prince Phantom 93P (14x18) Racket,189,89 €,249,95 €,-1,0,0,0https://www.tenniswarehouse-europe.com/Prince_Phantom_93P_14x18_Racket/descpageRCPRINCEH-P1493P-EN.html
Prince,Prince Phantom 93P (18x20) Racket,187,50 €,249,95 €,168,69 €,0,0,0https://www.tenniswarehouse-europe.com/Prince_Phantom_93P_18x20_Racket/descpageRCPRINCEH-PP93P-EN.html
Prince,Prince Phantom 97P Racket,179,90 €,239,95 €,169,90 €,1,0,0https://www.tenniswarehouse-europe.com/Prince_Phantom_97P_Racket/descpageRCPRINCEH-PP97P-EN.html
Prince,Prince Phantom 100P Racket,164,94 €,239,95 €,-1,0,0,0https://www.tenniswarehouse-europe.com/Prince_Phantom_100P_Racket/descpageRCPRINCEH-PPP10-EN.html
Prince,Prince Phantom 100X 18x20 Racket,184,90 €,239,95 €,168,69 €,0,0,0https://www.tenniswarehouse-europe.com/Prince_Phantom_100X_18x20_Racket/descpageRCPRINCEH-PPX182-EN.html
Prince,Prince Phantom 100X (290g) Racket,184,90 €,239,95 €,168,69 €,0,0,0https://www.tenniswarehouse-europe.com/Prince_Phantom_100X_290g_Racket/descpageRCPRINCEH-PPX290-EN.html
Prince,Prince Phantom 100X (305g) Racket,179,90 €,239,95 €,168,69 €,0,1,0https://www.tenniswarehouse-europe.com/Prince_Phantom_100X_305g_Racket/descpageRCPRINCEH-PPX35-EN.html
Prince,Prince Phantom 107G,215,90 €,240,00 €,199,90 €,1,0,0https://www.tenniswarehouse-europe.com/Prince_Phantom_107G/descpageRCPRINCEH-PTXP7G-EN.html
Prince,Prince Phantom O3 100X Racket,184,90 €,249,95 €,168,69 €,0,0,0https://www.tenniswarehouse-europe.com/Prince_Phantom_O3_100X_Racket/descpageRCPRINCEH-PP100X-EN.html
Prince,Prince Textreme Tour 100 (310) Rackets,159,90 €,219,90 €,152,90 €,0,1,0https://www.tenniswarehouse-europe.com/Prince_Textreme_Tour_100_310_Rackets/descpageRCPRINCEH-PT1001-EN.html
Prince,Prince Textreme O3 Tour 100 (310) Rackets,169,90 €,229,90 €,-1,0,0,0https://www.tenniswarehouse-europe.com/Prince_Textreme_O3_Tour_100_310_Rackets/descpageRCPRINCEH-PT1O33-EN.html
Prince,Prince Textreme Tour 95 Rackets (2019),159,90 €,219,90 €,-1,0,0,0https://www.tenniswarehouse-europe.com/Prince_Textreme_Tour_95_Rackets_2019/descpageRCPRINCEH-PT2T95-EN.html
Prince,Prince Textreme Tour 100P Rackets (305),159,90 €,219,90 €,149,90 €,0,1,0https://www.tenniswarehouse-europe.com/Prince_Textreme_Tour_100P_Rackets_305/descpageRCPRINCEH-PTT1P-EN.html
Prince,Prince Textreme O3 Tour 100 (290) Rackets,159,90 €,229,90 €,-1,0,0,0https://www.tenniswarehouse-europe.com/Prince_Textreme_O3_Tour_100_290_Rackets/descpageRCPRINCEH-PT1O32-EN.html
Prince,Prince Textreme Tour 100 (290) Rackets,149,90 €,219,90 €,139,90 €,0,0,0https://www.tenniswarehouse-europe.com/Prince_Textreme_Tour_100_290_Rackets/descpageRCPRINCEH-PT100R-EN.html
Prince,Prince O3 Legacy 120 Racket,189,89 €,249,95 €,-1,0,0,0https://www.tenniswarehouse-europe.com/Prince_O3_Legacy_120_Racket/descpageRCPRINCEH-P3LY12-EN.html
Prince,Prince O3 Legacy 110 Racket,179,90 €,239,95 €,-1,0,0,0https://www.tenniswarehouse-europe.com/Prince_O3_Legacy_110_Racket/descpageRCPRINCEH-P3LY11-EN.html
Prince,Prince O3 Legacy 105 Racket,171,90 €,229,95 €,-1,0,0,0https://www.tenniswarehouse-europe.com/Prince_O3_Legacy_105_Racket/descpageRCPRINCEH-P3LY05-EN.html
Prince,Prince Beast 100 Long Body Racket (300g),109,90 €,219,90 €,-1,0,0,0https://www.tenniswarehouse-europe.com/Prince_Beast_100_Long_Body_Racket_300g/descpageRCPRINCEH-PB30LB-EN.html
Prince,Prince O3 Beast 98 Racket,114,91 €,229,95 €,-1,0,0,1https://www.tenniswarehouse-europe.com/Prince_O3_Beast_98_Racket/descpageRCPRINCEH-PO3B98-EN.html
Prince,Prince O3 Beast 100 Racket (280g),114,91 €,229,95 €,-1,0,0,1https://www.tenniswarehouse-europe.com/Prince_O3_Beast_100_Racket_280g/descpageRCPRINCEH-PO3B10-EN.html
Prince,Prince Beast 104 Racket Pink 260g,94,90 €,-1,189,90 €,0,0,1https://www.tenniswarehouse-europe.com/Prince_Beast_104_Racket_Pink_260g/descpageRCPRINCEH-PB104P-EN.html
Prince,Prince Beast 98 Racket,140,00 €,209,95 €,-1,0,0,1https://www.tenniswarehouse-europe.com/Prince_Beast_98_Racket/descpageRCPRINCEH-ERF-EN.html
Prince,Prince Beast 100 Racket (280g),139,90 €,199,95 €,-1,0,0,1https://www.tenniswarehouse-europe.com/Prince_Beast_100_Racket_280g/descpageRCPRINCEH-PB280-EN.html
Prince,Prince Warrior 100 (285g) Racket,89,90 €,99,95 €,79,96 €,1,0,0https://www.tenniswarehouse-europe.com/Prince_Warrior_100_285g_Racket/descpageRCPRINCEH-285WAR-EN.html
Prince,Prince Textreme Premier 120 Racket ,119,90 €,239,95 €,-1,0,0,1https://www.tenniswarehouse-europe.com/Prince_Textreme_Premier_120_Racket_/descpageRCPRINCEH-P120-EN.html
Prince,Prince Pink 100P 25 Junior Racket,79,91 €,89,95 €,-1,0,0,0https://www.tenniswarehouse-europe.com/Prince_Pink_100P_25_Junior_Racket/descpageRCPRINCEH-PINKP25-EN.html
Prince,Prince Tour 100P 25 Junior Graphite Racket,69,90 €,89,95 €,-1,0,0,0https://www.tenniswarehouse-europe.com/Prince_Tour_100P_25_Junior_Graphite_Racket/descpageRCPRINCEH-P100P25-EN.html
Prince,Prince Tour 100P 23 Junior Graphite Racket (Green),59,90 €,74,95 €,-1,0,0,0https://www.tenniswarehouse-europe.com/Prince_Tour_100P_23_Junior_Graphite_Racket_Green/descpageRCPRINCEH-P100P23-EN.html
Head,Head Gravity Pro Racket,194,90 €,270,00 €,184,90 €,1,0,0https://www.tenniswarehouse-europe.com/Head_Gravity_Pro_Racket/descpageRCHEAD-HRGP-EN.html
Head,Head Gravity MP Racket,199,90 €,250,00 €,202,41 €,1,0,0https://www.tenniswarehouse-europe.com/Head_Gravity_MP_Racket/descpageRCHEAD-HRGMP-EN.html
Head,Head Gravity Tour Racket,192,89 €,260,00 €,-1,1,0,0https://www.tenniswarehouse-europe.com/Head_Gravity_Tour_Racket/descpageRCHEAD-HRGT-EN.html
Head,Head Gravity MP Lite Racket,177,92 €,220,00 €,167,90 €,1,0,0https://www.tenniswarehouse-europe.com/Head_Gravity_MP_Lite_Racket/descpageRCHEAD-HRGML-EN.html
Head,Head Gravity Lite Racket,157,95 €,200,00 €,149,90 €,1,0,0https://www.tenniswarehouse-europe.com/Head_Gravity_Lite_Racket/descpageRCHEAD-HRGL-EN.html
Head,Head Gravity S Racket,169,90 €,210,00 €,-1,1,0,0https://www.tenniswarehouse-europe.com/Head_Gravity_S_Racket/descpageRCHEAD-HRGS-EN.html
Head,Head Graphene 360+ Radical Pro Racket,224,90 €,270,00 €,220,41 €,0,1,0https://www.tenniswarehouse-europe.com/Head_Graphene_360_Radical_Pro_Racket/descpageRCHEAD-HRRP-EN.html
Head,Head Graphene 360+ Radical MP Racket,194,90 €,250,00 €,184,90 €,1,0,0https://www.tenniswarehouse-europe.com/Head_Graphene_360_Radical_MP_Racket/descpageRCHEAD-HRRMP-EN.html
Head,Head Graphene 360+ Radical S Racket,179,90 €,210,00 €,-1,1,0,0https://www.tenniswarehouse-europe.com/Head_Graphene_360_Radical_S_Racket/descpageRCHEAD-HRRS-EN.html
Head,Head Graphene 360+ Radical Lite Racket,159,90 €,200,00 €,149,90 €,1,0,0https://www.tenniswarehouse-europe.com/Head_Graphene_360_Radical_Lite_Racket/descpageRCHEAD-HRRL-EN.html
Head,Head Graphene 360+ Speed Pro (Black) Racket,199,94 €,270,00 €,191,90 €,1,0,0https://www.tenniswarehouse-europe.com/Head_Graphene_360_Speed_Pro_Black_Racket/descpageRCHEAD-HRSPB-EN.html
Head,Head Graphene 360+ Speed MP (Black) Racket,199,90 €,250,00 €,-1,1,0,0https://www.tenniswarehouse-europe.com/Head_Graphene_360_Speed_MP_Black_Racket/descpageRCHEAD-HRSMB-EN.html
Head,Head Graphene 360+ Speed Pro Racket,189,89 €,270,00 €,-1,0,1,0https://www.tenniswarehouse-europe.com/Head_Graphene_360_Speed_Pro_Racket/descpageRCHEAD-H3SPRO-EN.html
Head,Head Graphene 360+ Speed MP Racket,189,89 €,250,00 €,-1,0,0,1https://www.tenniswarehouse-europe.com/Head_Graphene_360_Speed_MP_Racket/descpageRCHEAD-H3SMIP-EN.html
Head,Head Graphene 360+ Speed S Racket,144,96 €,210,00 €,-1,0,0,0https://www.tenniswarehouse-europe.com/Head_Graphene_360_Speed_S_Racket/descpageRCHEAD-H3SSMA-EN.html
Head,Head Graphene 360+ Speed MP Lite Racket,169,90 €,220,00 €,-1,0,0,0https://www.tenniswarehouse-europe.com/Head_Graphene_360_Speed_MP_Lite_Racket/descpageRCHEAD-H3SMPL-EN.html
Head,Head Graphene 360+ Speed Lite Racket,135,95 €,200,00 €,-1,0,0,0https://www.tenniswarehouse-europe.com/Head_Graphene_360_Speed_Lite_Racket/descpageRCHEAD-H3SLIT-EN.html
Head,Head Graphene 360+ Speed PWR Racket,189,89 €,250,00 €,-1,0,0,0https://www.tenniswarehouse-europe.com/Head_Graphene_360_Speed_PWR_Racket/descpageRCHEAD-H3SPWR-EN.html
Head,Head Graphene 360 Speed Pro Racket,134,90 €,270,00 €,-1,0,0,1https://www.tenniswarehouse-europe.com/Head_Graphene_360_Speed_Pro_Racket/descpageRCHEAD-HG360S-EN.html
Head,Head Graphene 360+ Instinct MP Racket,139,95 €,190,00 €,128,90 €,0,1,0https://www.tenniswarehouse-europe.com/Head_Graphene_360_Instinct_MP_Racket/descpageRCHEAD-HRIMP-EN.html
Head,Head Graphene 360+ Instinct S Racket,134,90 €,170,00 €,-1,0,0,0https://www.tenniswarehouse-europe.com/Head_Graphene_360_Instinct_S_Racket/descpageRCHEAD-HRIS-EN.html
Head,Head Graphene 360+ Instinct Lite Racket,114,91 €,140,00 €,-1,0,0,0https://www.tenniswarehouse-europe.com/Head_Graphene_360_Instinct_Lite_Racket/descpageRCHEAD-HRIL-EN.html
Head,Head Graphene 360+ Extreme Pro Racket,172,96 €,230,00 €,-1,0,0,0https://www.tenniswarehouse-europe.com/Head_Graphene_360_Extreme_Pro_Racket/descpageRCHEAD-HREP-EN.html
Head,Head Graphene 360+ Extreme Tour Racket,155,95 €,220,00 €,-1,0,0,0https://www.tenniswarehouse-europe.com/Head_Graphene_360_Extreme_Tour_Racket/descpageRCHEAD-HRET-EN.html
Head,Head Graphene 360+ Extreme MP Racket,157,90 €,210,00 €,-1,0,0,0https://www.tenniswarehouse-europe.com/Head_Graphene_360_Extreme_MP_Racket/descpageRCHEAD-HREMP-EN.html
Head,Head Graphene 360+ Extreme S Racket,149,90 €,190,00 €,-1,0,0,0https://www.tenniswarehouse-europe.com/Head_Graphene_360_Extreme_S_Racket/descpageRCHEAD-HRES-EN.html
Head,Head Graphene 360+ Extreme MP Lite Racket,149,90 €,200,00 €,142,80 €,0,0,0https://www.tenniswarehouse-europe.com/Head_Graphene_360_Extreme_MP_Lite_Racket/descpageRCHEAD-HREML-EN.html
Head,Head Graphene 360+ Extreme LITE Racket,129,90 €,170,00 €,-1,0,0,0https://www.tenniswarehouse-europe.com/Head_Graphene_360_Extreme_LITE_Racket/descpageRCHEAD-HREL-EN.html
Head,Head Graphene 360+ Extreme PWR Racket,169,95 €,220,00 €,-1,0,0,0https://www.tenniswarehouse-europe.com/Head_Graphene_360_Extreme_PWR_Racket/descpageRCHEAD-HREPW-EN.html
Head,Head Pro Tour 2.0 Rackets,-1,-1,-1,0,0,0https://www.tenniswarehouse-europe.com/Head_Pro_Tour_20_Rackets/descpageRCHEAD-HDPT2-EN.html
Head,Head Graphene 360+ Prestige MP Racket,161,94 €,270,00 €,-1,0,0,1https://www.tenniswarehouse-europe.com/Head_Graphene_360_Prestige_MP_Racket/descpageRCHEAD-HPRMPR-EN.html
Head,Head Graphene 360+ Prestige Pro Racket,163,90 €,280,00 €,179,90 €,0,0,1https://www.tenniswarehouse-europe.com/Head_Graphene_360_Prestige_Pro_Racket/descpageRCHEAD-HPREPR-EN.html
Head,Head Graphene 360+ Prestige S Racket,152,90 €,260,00 €,-1,0,0,0https://www.tenniswarehouse-europe.com/Head_Graphene_360_Prestige_S_Racket/descpageRCHEAD-HPRESR-EN.html
Head,Head Graphene 360+ Prestige Tour Racket,157,90 €,270,00 €,-1,0,0,0https://www.tenniswarehouse-europe.com/Head_Graphene_360_Prestige_Tour_Racket/descpageRCHEAD-HPRTOR-EN.html
Head,Head Graphene 360+ Prestige MID Racket,136,90 €,270,00 €,-1,0,0,0https://www.tenniswarehouse-europe.com/Head_Graphene_360_Prestige_MID_Racket/descpageRCHEAD-HPRMIR-EN.html
Head,Head Gravity Junior 2021 Racket,79,91 €,-1,110,00 €,1,0,0https://www.tenniswarehouse-europe.com/Head_Gravity_Junior_2021_Racket/descpageRCHEAD-HRGJ-EN.html
Head,Head Radical 360+ Junior Racket,89,90 €,-1,100,00 €,1,0,0https://www.tenniswarehouse-europe.com/Head_Radical_360_Junior_Racket/descpageRCHEAD-HRRJ-EN.html
Head,Head Radical Junior 26 Racket ,33,90 €,50,00 €,-1,1,0,0https://www.tenniswarehouse-europe.com/Head_Radical_Junior_26_Racket_/descpageRCHEAD-HRRJ26-EN.html
Head,Head Graphene 360+ Extreme Junior Racket,80,90 €,90,00 €,-1,0,0,0https://www.tenniswarehouse-europe.com/Head_Graphene_360_Extreme_Junior_Racket/descpageRCHEAD-HREJ-EN.html
Head,Head Graphene Speed 360+ Junior Racket,74,90 €,-1,110,00 €,0,0,0https://www.tenniswarehouse-europe.com/Head_Graphene_Speed_360_Junior_Racket/descpageRCHEAD-H3SJUNR-EN.html
Head,Head Graphite Speed 26 Junior Racket,59,90 €,70,00 €,-1,0,0,0https://www.tenniswarehouse-europe.com/Head_Graphite_Speed_26_Junior_Racket/descpageRCHEAD-HSPJU26-EN.html
Head,Head Gravity Junior 26 2021 Racket,59,90 €,70,00 €,-1,1,0,0https://www.tenniswarehouse-europe.com/Head_Gravity_Junior_26_2021_Racket/descpageRCHEAD-HRGJ26-EN.html
Head,Head Gravity Junior 25 2021 Racket,78,90 €,90,00 €,-1,1,0,0https://www.tenniswarehouse-europe.com/Head_Gravity_Junior_25_2021_Racket/descpageRCHEAD-HRGJ25-EN.html
Head,Head Gravity Junior 25 Racket,57,91 €,65,00 €,-1,1,0,0https://www.tenniswarehouse-europe.com/Head_Gravity_Junior_25_Racket/descpageRCHEAD-HRGJR-EN.html
Head,Head Radical Junior 25 Racket ,29,90 €,40,00 €,-1,1,0,0https://www.tenniswarehouse-europe.com/Head_Radical_Junior_25_Racket_/descpageRCHEAD-HRRJ25-EN.html
Head,Head Graphene Speed 360+ Junior 25 Racket,68,89 €,90,00 €,-1,0,0,0https://www.tenniswarehouse-europe.com/Head_Graphene_Speed_360_Junior_25_Racket/descpageRCHEAD-H3SJU25-EN.html
Head,Head Graphite Speed 25 Junior Racket,49,90 €,65,00 €,-1,0,0,0https://www.tenniswarehouse-europe.com/Head_Graphite_Speed_25_Junior_Racket/descpageRCHEAD-HSPJU25-EN.html
Head,Head Novak 25 Junior Racket,27,70 €,35,00 €,-1,0,0,1https://www.tenniswarehouse-europe.com/Head_Novak_25_Junior_Racket/descpageRCHEAD-HNOJU25-EN.html
Head,Head Maria 25 Junior Racket,29,90 €,35,00 €,-1,0,0,1https://www.tenniswarehouse-europe.com/Head_Maria_25_Junior_Racket/descpageRCHEAD-HMAJU25-EN.html
Head,Head Gravity Junior 23 2021 Racket,43,90 €,55,00 €,-1,1,0,0https://www.tenniswarehouse-europe.com/Head_Gravity_Junior_23_2021_Racket/descpageRCHEAD-HRGJ23-EN.html
Head,Head Radical Junior 23 Racket ,24,89 €,35,00 €,-1,1,0,0https://www.tenniswarehouse-europe.com/Head_Radical_Junior_23_Racket_/descpageRCHEAD-HRRJ23-EN.html
Head,Head Graphite Speed 23 Junior Racket,49,90 €,55,00 €,-1,0,0,0https://www.tenniswarehouse-europe.com/Head_Graphite_Speed_23_Junior_Racket/descpageRCHEAD-HSPJU23-EN.html
Head,Head Novak 23 Junior Racket,23,89 €,35,00 €,-1,0,0,1https://www.tenniswarehouse-europe.com/Head_Novak_23_Junior_Racket/descpageRCHEAD-HNOJU23-EN.html
Head,Head Maria 23 Junior Racket,24,50 €,35,00 €,-1,0,0,1https://www.tenniswarehouse-europe.com/Head_Maria_23_Junior_Racket/descpageRCHEAD-HMAJU23-EN.html
Head,Head Gravity Junior 21 2021 Racket,38,90 €,50,00 €,-1,1,0,0https://www.tenniswarehouse-europe.com/Head_Gravity_Junior_21_2021_Racket/descpageRCHEAD-HRGJ21-EN.html
Head,Head Radical Junior 21 2021 Racket ,26,91 €,30,00 €,-1,1,0,0https://www.tenniswarehouse-europe.com/Head_Radical_Junior_21_2021_Racket_/descpageRCHEAD-HRRJ21-EN.html
Head,Head Graphite Speed 21 Junior Racket,39,90 €,50,00 €,-1,0,0,0https://www.tenniswarehouse-europe.com/Head_Graphite_Speed_21_Junior_Racket/descpageRCHEAD-HSPJU21-EN.html
Head,Head Novak 21 Junior Racket,27,89 €,30,00 €,-1,0,0,1https://www.tenniswarehouse-europe.com/Head_Novak_21_Junior_Racket/descpageRCHEAD-HNOJU21-EN.html
Head,Head Maria 21 Junior Racket,24,89 €,30,00 €,-1,0,0,1https://www.tenniswarehouse-europe.com/Head_Maria_21_Junior_Racket/descpageRCHEAD-HMAJU21-EN.html
Head,Head Novak 19 Junior Racket,20,91 €,30,00 €,-1,0,0,1https://www.tenniswarehouse-europe.com/Head_Novak_19_Junior_Racket/descpageRCHEAD-HNOJU19-EN.html
Head,Head Radical 19 Junior Racket ,23,89 €,30,00 €,-1,1,0,0https://www.tenniswarehouse-europe.com/Head_Radical_19_Junior_Racket_/descpageRCHEAD-HRJ19R-EN.html
Head,Head Maria 19 Junior Racket,24,89 €,30,00 €,-1,0,0,1https://www.tenniswarehouse-europe.com/Head_Maria_19_Junior_Racket/descpageRCHEAD-HMAJU19-EN.html
Head,Head Maria 17 Junior Racket,17,91 €,25,00 €,-1,0,0,1https://www.tenniswarehouse-europe.com/Head_Maria_17_Junior_Racket/descpageRCHEAD-HMAJU17-EN.html
Head,Head Novak 17 Junior Racket,17,91 €,25,00 €,-1,0,0,1https://www.tenniswarehouse-europe.com/Head_Novak_17_Junior_Racket/descpageRCHEAD-HNOJU17-EN.html
