name,prices,sale_tags,url
Babolat Pure Aero Rafa Racket,"[259.9, 0, 229.91]","[1, '0', '0']",https://www.tenniswarehouse-europe.com/Babolat_Pure_Aero_Rafa_Racket/descpageRCQBA-BPARR-EN.html
Babolat Pure Aero Racket,"[199.9, 249.95, 0]","['0', '0', 1]",https://www.tenniswarehouse-europe.com/Babolat_Pure_Aero_Racket/descpageRCQBA-BPAR-EN.html
Babolat Pure Aero VS Racket x2,"[339.9, 529.9, 0]","0,0,0",https://www.tenniswarehouse-europe.com/Babolat_Pure_Aero_VS_Racket_x2/descpageRCQBA-PAVDOU-EN.html
Babolat Pure Aero VS Racket (SINGLE),"[174.91, 269.95, 0]","['0', '0', 1]",https://www.tenniswarehouse-europe.com/Babolat_Pure_Aero_VS_Racket_SINGLE/descpageRCQBA-PAVSIN-EN.html
Babolat Pure Aero Plus Racket,"[199.9, 249.95, 0]","['0', 1, '0']",https://www.tenniswarehouse-europe.com/Babolat_Pure_Aero_Plus_Racket/descpageRCQBA-BPAPR-EN.html
Babolat Pure Aero Team Racket,"[159.9, 219.95, 0]","0,0,0",https://www.tenniswarehouse-europe.com/Babolat_Pure_Aero_Team_Racket/descpageRCQBA-BPART-EN.html
Babolat Pure Aero Super Lite Racket,"[134.9, 189.95, 0]","0,0,0",https://www.tenniswarehouse-europe.com/Babolat_Pure_Aero_Super_Lite_Racket/descpageRCQBA-BPASLR-EN.html
Babolat Pure Aero Tour Racket,"[199.9, 259.95, 0]","0,0,0",https://www.tenniswarehouse-europe.com/Babolat_Pure_Aero_Tour_Racket/descpageRCQBA-BPATRR-EN.html
Babolat Pure Aero Lite Racket,"[163.9, 204.95, 0]","0,0,0",https://www.tenniswarehouse-europe.com/Babolat_Pure_Aero_Lite_Racket/descpageRCQBA-BPARL-EN.html
Babolat Pure Drive Racket,"[197.9, 219.95, 182.9]","['0', 1, '0']",https://www.tenniswarehouse-europe.com/Babolat_Pure_Drive_Racket_/descpageRCQBA-BRPDR-EN.html
Babolat Pure Drive Plus Racket,"[199.9, 219.95, 182.95]","[1, '0', '0']",https://www.tenniswarehouse-europe.com/Babolat_Pure_Drive_Plus_Racket_/descpageRCQBA-BRPDP-EN.html
Babolat Pure Drive Tour Racket,"[204.89, 229.95, 184.95]","[1, '0', '0']",https://www.tenniswarehouse-europe.com/Babolat_Pure_Drive_Tour_Racket_/descpageRCQBA-BRPDT-EN.html
Babolat Pure Drive Team Racket,"[179.9, 199.95, 162.95]","[1, '0', '0']",https://www.tenniswarehouse-europe.com/Babolat_Pure_Drive_Team_Racket_/descpageRCQBA-BRPTE-EN.html
Babolat Pure Drive Lite Racket,"[169.9, 189.95, 154.95]","[1, '0', '0']",https://www.tenniswarehouse-europe.com/Babolat_Pure_Drive_Lite_Racket_/descpageRCQBA-BRPDL-EN.html
Babolat Pure Drive Super Lite Racket,"[179.9, 0, 161.89]","[1, '0', '0']",https://www.tenniswarehouse-europe.com/Babolat_Pure_Drive_Super_Lite_Racket_/descpageRCQBA-BRPDSL-EN.html
Babolat Pure Drive 107 Racket,"[199.9, 199.95, 179.9]","[1, '0', '0']",https://www.tenniswarehouse-europe.com/Babolat_Pure_Drive_107_Racket_/descpageRCQBA-BRPD17-EN.html
Babolat Pure Drive 110 Racket,"[199.9, 199.95, 179.9]","[1, '0', '0']",https://www.tenniswarehouse-europe.com/Babolat_Pure_Drive_110_Racket_/descpageRCQBA-BRPD11-EN.html
Babolat Pure Drive VS Racket x2,"[369.9, 499.9, 0]","0,0,0",https://www.tenniswarehouse-europe.com/Babolat_Pure_Drive_VS_Racket_x2/descpageRCQBA-PDVS-EN.html
Babolat Pure Drive VS Racket (SINGLE),"[179.9, 260.0, 0]","0,0,0",https://www.tenniswarehouse-europe.com/Babolat_Pure_Drive_VS_Racket_SINGLE/descpageRCQBA-PDVSING-EN.html
Babolat Pure Strike 16x19 Racket,"[184.95, 229.95, 166.41]","['0', 1, '0']",https://www.tenniswarehouse-europe.com/Babolat_Pure_Strike_16x19_Racket/descpageRCQBA-PS1619-EN.html
Babolat Pure Strike 18x20 Racket,"[184.95, 229.95, 166.41]","0,0,0",https://www.tenniswarehouse-europe.com/Babolat_Pure_Strike_18x20_Racket/descpageRCQBA-PS1820-EN.html
Babolat Pure Strike Tour Racket,"[189.89, 239.95, 179.01]","0,0,0",https://www.tenniswarehouse-europe.com/Babolat_Pure_Strike_Tour_Racket/descpageRCQBA-BPSTTO-EN.html
Babolat Pure Strike 100 Racket,"[174.91, 219.95, 157.41]","['0', 1, '0']",https://www.tenniswarehouse-europe.com/Babolat_Pure_Strike_100_Racket/descpageRCQBA-BPSTRI-EN.html
Babolat Pure Strike Team Racket,"[167.9, 209.95, 156.9]","0,0,0",https://www.tenniswarehouse-europe.com/Babolat_Pure_Strike_Team_Racket/descpageRCQBA-BPSTRT-EN.html
Babolat Pure Strike Lite Racket,"[159.9, 199.95, 0]","0,0,0",https://www.tenniswarehouse-europe.com/Babolat_Pure_Strike_Lite_Racket/descpageRCQBA-BPSTLI-EN.html
Babolat Pure Strike EVO Racket,"[119.99, 149.95, 0]","0,0,0",https://www.tenniswarehouse-europe.com/Babolat_Pure_Strike_EVO_Racket/descpageRCQBA-PSEVO-EN.html
Babolat Evo Drive Racket,"[134.9, 149.95, 121.4]","0,0,0",https://www.tenniswarehouse-europe.com/Babolat_Evo_Drive_Racket_/descpageRCQBA-BRED-EN.html
Babolat Evo Drive Racket White/Blue,"[134.9, 149.95, 121.4]","0,0,0",https://www.tenniswarehouse-europe.com/Babolat_Evo_Drive_Racket_White_Blue/descpageRCQBA-BREDW-EN.html
Babolat Evo Drive Lite Racket,"[109.9, 139.95, 113.89]","0,0,0",https://www.tenniswarehouse-europe.com/Babolat_Evo_Drive_Lite_Racket_/descpageRCQBA-BREDL-EN.html
Babolat Evo Drive Lite Racket White/Blue,"[134.9, 139.95, 121.4]","0,0,0",https://www.tenniswarehouse-europe.com/Babolat_Evo_Drive_Lite_Racket_White_Blue/descpageRCQBA-BRELW-EN.html
Babolat Evo Drive Tour Racket,"[143.89, 159.95, 129.51]","0,0,0",https://www.tenniswarehouse-europe.com/Babolat_Evo_Drive_Tour_Racket_/descpageRCQBA-BREDT-EN.html
Babolat Evo Drive 115 Racket,"[143.89, 159.95, 129.51]","[1, '0', '0']",https://www.tenniswarehouse-europe.com/Babolat_Evo_Drive_115_Racket_/descpageRCQBA-BRE15-EN.html
Babolat Drive G Lite W Racket,"[70.0, 129.95, 0]","0,0,0",https://www.tenniswarehouse-europe.com/Babolat_Drive_G_Lite_W_Racket/descpageRCQBA-BDGLWR-EN.html
Babolat Boost Drive Racket,"[79.91, 89.95, 0]","[1, '0', '0']",https://www.tenniswarehouse-europe.com/Babolat_Boost_Drive_Racket/descpageRCQBA-BABODR-EN.html
Babolat Boost Drive W Racket,"[79.91, 89.95, 0]","[1, '0', '0']",https://www.tenniswarehouse-europe.com/Babolat_Boost_Drive_W_Racket/descpageRCQBA-BABODW-EN.html
Babolat Boost S Racket,"[79.91, 89.95, 0]","0,0,0",https://www.tenniswarehouse-europe.com/Babolat_Boost_S_Racket/descpageRCQBA-BABOSR-EN.html
Volkl V-Cell 2 Racket,"[260.9, 290.0, 261.0]","[1, '0', '0']",https://www.tenniswarehouse-europe.com/Volkl_V-Cell_2_Racket/descpageRCVOLKLGH-VVCEL2-EN.html
Babolat Aero G Racket,"[99.99, 139.95, 0]","0,0,0",https://www.tenniswarehouse-europe.com/Babolat_Aero_G_Racket/descpageRCQBA-BAGR-EN.html
Babolat Pure Aero Rafa Junior 26 Racket,"[119.95, 0, 0]","[1, '0', '0']",https://www.tenniswarehouse-europe.com/Babolat_Pure_Aero_Rafa_Junior_26_Racket/descpageRCQBA-BPARA26-EN.html
Babolat Pure Drive 26 Junior Racket,"[79.91, 99.95, 0]","['0', '0', 1]",https://www.tenniswarehouse-europe.com/Babolat_Pure_Drive_26_Junior_Racket/descpageRCQBA-BRPJ-EN.html
Volkl V-Cell 10 300g Racket,"[224.9, 250.0, 188.01]","[1, '0', '0']",https://www.tenniswarehouse-europe.com/Volkl_V-Cell_10_300g_Racket/descpageRCVOLKLGH-VCE100-EN.html
Volkl V-Cell 10 320g Racket,"[199.9, 250.0, 188.01]","[1, '0', '0']",https://www.tenniswarehouse-europe.com/Volkl_V-Cell_10_320g_Racket/descpageRCVOLKLGH-VCE102-EN.html
Volkl V-Cell 8 315g Racket,"[208.9, 260.0, 188.0]","0,0,0",https://www.tenniswarehouse-europe.com/Volkl_V-Cell_8_315g_Racket/descpageRCVOLKLGH-VVCL8-EN.html
Babolat Pure Drive 26 Junior Racket Blue/Pink,"[79.91, 99.95, 0]","['0', '0', 1]",https://www.tenniswarehouse-europe.com/Babolat_Pure_Drive_26_Junior_Racket_Blue_Pink/descpageRCQBA-BRPJPW-EN.html
Babolat Strike 26 Junior Racket,"[57.91, 64.95, 0]","0,0,0",https://www.tenniswarehouse-europe.com/Babolat_Strike_26_Junior_Racket_/descpageRCQBA-BRS26J-EN.html
Babolat Pure Aero Junior 26 Racket,"[91.9, 114.95, 0]","0,0,0",https://www.tenniswarehouse-europe.com/Babolat_Pure_Aero_Junior_26_Racket/descpageRCQBA-BPARJ26-EN.html
Babolat Pure Strike Junior 26 Racket,"[74.9, 94.95, 0]","0,0,0",https://www.tenniswarehouse-europe.com/Babolat_Pure_Strike_Junior_26_Racket/descpageQBA-BRPS26-EN.html
Volkl V-Cell 8 300g Racket,"[208.9, 260.0, 188.0]","0,0,0",https://www.tenniswarehouse-europe.com/Volkl_V-Cell_8_300g_Racket/descpageRCVOLKLGH-VVC8L-EN.html
Volkl V-Cell 9 Racket,"[208.9, 260.0, 188.01]","0,0,0",https://www.tenniswarehouse-europe.com/Volkl_V-Cell_9_Racket/descpageRCVOLKLGH-VVCEL9-EN.html
Volkl Power Bridge 10 Mid Racket,"[159.9, 190.0, 149.9]","['0', 1, '0']",https://www.tenniswarehouse-europe.com/Volkl_Power_Bridge_10_Mid_Racket/descpageRCVOLKLGH-VRPB10-EN.html
Volkl C10 Pro Racket,"[169.9, 190.0, 159.9]","0,0,0",https://www.tenniswarehouse-europe.com/Volkl_C10_Pro_Racket/descpageRCVOLKLGH-C10PRO-EN.html
Babolat Aero Junior 26 Racket,"[59.9, 69.95, 0]","['0', '0', 1]",https://www.tenniswarehouse-europe.com/Babolat_Aero_Junior_26_Racket/descpageRCQBA-BAJR26-EN.html
Babolat Nadal Junior 26 Racket,"[31.46, 37.5, 0]","0,0,0",https://www.tenniswarehouse-europe.com/Babolat_Nadal_Junior_26_Racket/descpageRCQBA-BNJ26R-EN.html
Babolat Pure Drive 25 Junior Racket,"[69.9, 95.95, 0]","['0', '0', 1]",https://www.tenniswarehouse-europe.com/Babolat_Pure_Drive_25_Junior_Racket_/descpageRCQBA-BRPJU-EN.html
Volkl Classic V1 Racket,"[150.0, 200.0, 144.89]","0,0,0",https://www.tenniswarehouse-europe.com/Volkl_Classic_V1_Racket/descpageRCVOLKLGH-VV1C-EN.html
Volkl V-Feel V8 Pro,"[186.91, 220.0, 169.9]","0,0,0",https://www.tenniswarehouse-europe.com/Volkl_V-Feel_V8_Pro/descpageRCVOLKLGH-VKLV8-EN.html
Volkl V-Feel V1 MP Racket,"[199.9, 250.0, 189.89]","0,0,0",https://www.tenniswarehouse-europe.com/Volkl_V-Feel_V1_MP_Racket/descpageRCVOLKLGH-VF1MP-EN.html
Volkl V-Feel 10 (300g) Racket,"[179.9, 260.0, 0]","['0', '0', 1]",https://www.tenniswarehouse-europe.com/Volkl_V-Feel_10_300g_Racket/descpageRCVOLKLGH-VF10L-EN.html
Babolat Pure Strike Junior 25 Racket,"[79.91, 89.95, 0]","0,0,0",https://www.tenniswarehouse-europe.com/Babolat_Pure_Strike_Junior_25_Racket/descpageRCQBA-BRPS25-EN.html
Babolat Pure Aero Junior 25 Racket,"[89.9, 104.95, 0]","0,0,0",https://www.tenniswarehouse-europe.com/Babolat_Pure_Aero_Junior_25_Racket/descpageRCQBA-BPARJ25-EN.html
Babolat Pure Drive 25 Junior Racket Blue/Pink,"[75.9, 95.95, 0]","['0', '0', 1]",https://www.tenniswarehouse-europe.com/Babolat_Pure_Drive_25_Junior_Racket_Blue_Pink/descpageRCQBA-BRPJUW-EN.html
Volkl V-Feel 10 (320g) Racket,"[156.9, 260.0, 0]","['0', '0', 1]",https://www.tenniswarehouse-europe.com/Volkl_V-Feel_10_320g_Racket/descpageRCVOLKLGH-VF10H-EN.html
Volkl V-Feel 8 Racket (315g),"[179.9, 240.0, 169.9]","0,0,0",https://www.tenniswarehouse-europe.com/Volkl_V-Feel_8_Racket_315g/descpageRCVOLKLGH-VF8315-EN.html
Volkl V-Feel 8 Racket (285g),"[199.9, 240.0, 189.89]","0,0,0",https://www.tenniswarehouse-europe.com/Volkl_V-Feel_8_Racket_285g/descpageRCVOLKLGH-VF8285-EN.html
Babolat Drive 25 Junior Racket,"[53.9, 59.95, 0]","0,0,0",https://www.tenniswarehouse-europe.com/Babolat_Drive_25_Junior_Racket_/descpageRCQBA-BRDJU-EN.html
Babolat Drive 25 Junior Racket Pink/White,"[53.9, 59.95, 0]","0,0,0",https://www.tenniswarehouse-europe.com/Babolat_Drive_25_Junior_Racket_Pink_White/descpageRCQBA-BRDJUW-EN.html
Babolat Nadal Junior 25 Racket,"[34.89, 37.5, 0]","0,0,0",https://www.tenniswarehouse-europe.com/Babolat_Nadal_Junior_25_Racket/descpageRCQBA-BNJ25R-EN.html
Babolat B'Fly 25 Junior Racket,"[21.9, 24.95, 0]","0,0,0",https://www.tenniswarehouse-europe.com/Babolat_BFly_25_Junior_Racket/descpageRCQBA-BBF25R-EN.html
Babolat Ballfighter 25 Junior Racket,"[19.9, 24.95, 0]","['0', '0', 1]",https://www.tenniswarehouse-europe.com/Babolat_Ballfighter_25_Junior_Racket/descpageRCQBA-BBJ25R-EN.html
Babolat Drive 24 Junior Racket,"[48.91, 54.95, 0]","0,0,0",https://www.tenniswarehouse-europe.com/Babolat_Drive_24_Junior_Racket_/descpageRCQBA-BRDJ24-EN.html
Babolat Drive 24 Junior Racket Pink/White,"[48.91, 54.95, 0]","0,0,0",https://www.tenniswarehouse-europe.com/Babolat_Drive_24_Junior_Racket_Pink_White/descpageRCQBA-BRDP24-EN.html
Babolat Strike 24 Junior Racket,"[48.91, 54.95, 0]","0,0,0",https://www.tenniswarehouse-europe.com/Babolat_Strike_24_Junior_Racket_/descpageRCQBA-BRS24J-EN.html
Babolat Drive 23 Junior Racket Pink/White,"[44.9, 49.95, 0]","0,0,0",https://www.tenniswarehouse-europe.com/Babolat_Drive_23_Junior_Racket_Pink_White/descpageRCQBA-BRD23P-EN.html
Babolat Drive 23 Junior Racket,"[44.9, 49.95, 0]","0,0,0",https://www.tenniswarehouse-europe.com/Babolat_Drive_23_Junior_Racket_/descpageRCQBA-BRD23-EN.html
Head Pro Tour 2.0 Rackets,"[159.9, 0, 0]","0,0,0",https://www.tenniswarehouse-europe.com/Head_Pro_Tour_20_Rackets/descpageRCHEAD-HDPT2-EN.html
Babolat Nadal Junior 23 Racket,"[24.89, 27.5, 0]","0,0,0",https://www.tenniswarehouse-europe.com/Babolat_Nadal_Junior_23_Racket/descpageRCQBA-BNJ23R-EN.html
Babolat Ballfighter 23 Junior Racket,"[23.89, 24.95, 0]","0,0,0",https://www.tenniswarehouse-europe.com/Babolat_Ballfighter_23_Junior_Racket/descpageRCQBA-BBJ23R-EN.html
Babolat B'Fly 23 Junior Racket,"[22.9, 24.95, 0]","0,0,0",https://www.tenniswarehouse-europe.com/Babolat_BFly_23_Junior_Racket/descpageRCQBA-BBF23R-EN.html
Volkl Classic V1 Racket,"[150.0, 200.0, 144.89]","0,0,0",https://www.tenniswarehouse-europe.com/Volkl_Classic_V1_Racket/descpageRCVOLKLGH-VV1C-EN.html
Wilson Six.One 95 Team Racket,"[89.9, 140.0, 0]","['0', '0', 1]",https://www.tenniswarehouse-europe.com/Wilson_SixOne_95_Team_Racket/descpageRCWILSON-W61RWH-EN.html
Babolat Nadal Junior 21 Racket,"[24.89, 27.5, 0]","0,0,0",https://www.tenniswarehouse-europe.com/Babolat_Nadal_Junior_21_Racket/descpageRCQBA-BNJ21R-EN.html
Babolat Ballfighter 21 Junior Racket,"[19.9, 22.95, 0]","0,0,0",https://www.tenniswarehouse-europe.com/Babolat_Ballfighter_21_Junior_Racket/descpageRCQBA-BBJ21R-EN.html
Babolat B'Fly 21 Junior Racket,"[19.9, 22.95, 0]","0,0,0",https://www.tenniswarehouse-europe.com/Babolat_BFly_21_Junior_Racket/descpageRCQBA-BBF21R-EN.html
Babolat Pure Aero Rafa Junior 26 Racket,"[119.95, 0, 0]","[1, '0', '0']",https://www.tenniswarehouse-europe.com/Babolat_Pure_Aero_Rafa_Junior_26_Racket/descpageRCQBA-BPARA26-EN.html
Babolat Ballfighter 19 Junior Racket,"[19.9, 22.95, 0]","0,0,0",https://www.tenniswarehouse-europe.com/Babolat_Ballfighter_19_Junior_Racket/descpageRCQBA-BBJ19R-EN.html
Babolat B'Fly 19 Junior Racket,"[19.9, 22.95, 0]","0,0,0",https://www.tenniswarehouse-europe.com/Babolat_BFly_19_Junior_Racket/descpageRCQBA-BBF19R-EN.html
Babolat Ballfighter 17 Junior Racket,"[21.9, 22.95, 0]","0,0,0",https://www.tenniswarehouse-europe.com/Babolat_Ballfighter_17_Junior_Racket/descpageRCQBA-BBJ17R-EN.html
Babolat Pure Drive 26 Junior Racket,"[79.91, 99.95, 0]","['0', '0', 1]",https://www.tenniswarehouse-europe.com/Babolat_Pure_Drive_26_Junior_Racket/descpageRCQBA-BRPJ-EN.html
Babolat Pure Drive 26 Junior Racket Blue/Pink,"[79.91, 99.95, 0]","['0', '0', 1]",https://www.tenniswarehouse-europe.com/Babolat_Pure_Drive_26_Junior_Racket_Blue_Pink/descpageRCQBA-BRPJPW-EN.html
Babolat Strike 26 Junior Racket,"[57.91, 64.95, 0]","0,0,0",https://www.tenniswarehouse-europe.com/Babolat_Strike_26_Junior_Racket_/descpageRCQBA-BRS26J-EN.html
Babolat Pure Aero Junior 26 Racket,"[91.9, 114.95, 0]","0,0,0",https://www.tenniswarehouse-europe.com/Babolat_Pure_Aero_Junior_26_Racket/descpageRCQBA-BPARJ26-EN.html
Tecnifibre TFight 315 RS Racket,"[204.89, 229.99, 184.9]","0,0,0",https://www.tenniswarehouse-europe.com/Tecnifibre_TFight_315_RS_Racket/descpageRCTECNIH-TRTFRS-EN.html
Babolat Pure Strike Junior 26 Racket,"[74.9, 94.95, 0]","0,0,0",https://www.tenniswarehouse-europe.com/Babolat_Pure_Strike_Junior_26_Racket/descpageQBA-BRPS26-EN.html
Babolat Aero Junior 26 Racket,"[59.9, 69.95, 0]","['0', '0', 1]",https://www.tenniswarehouse-europe.com/Babolat_Aero_Junior_26_Racket/descpageRCQBA-BAJR26-EN.html
Tecnifibre TFight 305 RS Racket,"[199.9, 219.99, 179.9]","0,0,0",https://www.tenniswarehouse-europe.com/Tecnifibre_TFight_305_RS_Racket/descpageRCTECNIH-TRTFIR-EN.html
Tecnifibre TFight 300 RS Racket,"[199.9, 219.99, 179.99]","0,0,0",https://www.tenniswarehouse-europe.com/Tecnifibre_TFight_300_RS_Racket/descpageRCTECNIH-TRTIRS-EN.html
Babolat Nadal Junior 26 Racket,"[31.46, 37.5, 0]","0,0,0",https://www.tenniswarehouse-europe.com/Babolat_Nadal_Junior_26_Racket/descpageRCQBA-BNJ26R-EN.html
Babolat Pure Drive 25 Junior Racket,"[69.9, 95.95, 0]","['0', '0', 1]",https://www.tenniswarehouse-europe.com/Babolat_Pure_Drive_25_Junior_Racket_/descpageRCQBA-BRPJU-EN.html
Babolat Pure Strike Junior 25 Racket,"[79.91, 89.95, 0]","0,0,0",https://www.tenniswarehouse-europe.com/Babolat_Pure_Strike_Junior_25_Racket/descpageRCQBA-BRPS25-EN.html
Tecnifibre TFight 295 RS Racket,"[179.9, 199.99, 161.89]","0,0,0",https://www.tenniswarehouse-europe.com/Tecnifibre_TFight_295_RS_Racket/descpageRCTECNIH-TRTFIG-EN.html
Tecnifibre TFight 280 RS Racket,"[164.9, 179.99, 152.9]","0,0,0",https://www.tenniswarehouse-europe.com/Tecnifibre_TFight_280_RS_Racket/descpageRCTECNIH-TRTFHR-EN.html
Babolat Pure Aero Junior 25 Racket,"[89.9, 104.95, 0]","0,0,0",https://www.tenniswarehouse-europe.com/Babolat_Pure_Aero_Junior_25_Racket/descpageRCQBA-BPARJ25-EN.html
Babolat Pure Drive 25 Junior Racket Blue/Pink,"[75.9, 95.95, 0]","['0', '0', 1]",https://www.tenniswarehouse-europe.com/Babolat_Pure_Drive_25_Junior_Racket_Blue_Pink/descpageRCQBA-BRPJUW-EN.html
ProKennex Ki Black Ace Pro (305g) Racket,"[205.89, 229.0, 183.2]","[1, '0', '0']",https://www.tenniswarehouse-europe.com/ProKennex_Ki_Black_Ace_Pro_305g_Racket/descpageRCWESTGUT-KIBAP3-EN.html
Tecnifibre TF40 (305) Racket,"[172.48, 239.99, 0]","0,0,0",https://www.tenniswarehouse-europe.com/Tecnifibre_TF40_305_Racket/descpageRCTECNIH-TF4005-EN.html
Tecnifibre TF40 (315) Racket,"[209.89, 239.99, 199.9]","0,0,0",https://www.tenniswarehouse-europe.com/Tecnifibre_TF40_315_Racket/descpageRCTECNIH-TF4015-EN.html
Tecnifibre T-Rebound 298 Iga,"[197.9, 0, 0]","[1, '0', '0']",https://www.tenniswarehouse-europe.com/Tecnifibre_T-Rebound_298_Iga/descpageRCTECNIH-TREBIG-EN.html
Lacoste L20 Racket,"[289.9, 0, 0]","[1, '0', '0']",https://www.tenniswarehouse-europe.com/Lacoste_L20_Racket/descpageRCTECNIH-TRLA22-EN.html
Babolat Drive 25 Junior Racket,"[53.9, 59.95, 0]","0,0,0",https://www.tenniswarehouse-europe.com/Babolat_Drive_25_Junior_Racket_/descpageRCQBA-BRDJU-EN.html
Babolat Drive 25 Junior Racket Pink/White,"[53.9, 59.95, 0]","0,0,0",https://www.tenniswarehouse-europe.com/Babolat_Drive_25_Junior_Racket_Pink_White/descpageRCQBA-BRDJUW-EN.html
Babolat Nadal Junior 25 Racket,"[34.89, 37.5, 0]","0,0,0",https://www.tenniswarehouse-europe.com/Babolat_Nadal_Junior_25_Racket/descpageRCQBA-BNJ25R-EN.html
ProKennex Ki Q+5 Pro (315g) Racket,"[178.89, 199.0, 169.15]","[1, '0', '0']",https://www.tenniswarehouse-europe.com/ProKennex_Ki_Q5_Pro_315g_Racket/descpageRCWESTGUT-Q5KIP1-EN.html
ProKennex Ki Q+5X Pro (305g) Racket,"[178.89, 199.0, 169.15]","[1, '0', '0']",https://www.tenniswarehouse-europe.com/ProKennex_Ki_Q5X_Pro_305g_Racket/descpageRCWESTGUT-Q5XKP0-EN.html
ProKennex Ki Q+5 (300g) Racket,"[178.89, 199.0, 169.15]","[1, '0', '0']",https://www.tenniswarehouse-europe.com/ProKennex_Ki_Q5_300g_Racket/descpageRCWESTGUT-Q5KI30-EN.html
Dunlop Srixon CX 200 Tour 18x20 (315g) Rackets,"[196.9, 239.95, 177.95]","[1, '0', '0']",https://www.tenniswarehouse-europe.com/Dunlop_Srixon_CX_200_Tour_18x20_315g_Rackets/descpageRCDUNHGER-D200T8-EN.html
Tecnifibre T-Rebound 285 Tempo3 Racket,"[149.9, 189.99, 0]","0,0,0",https://www.tenniswarehouse-europe.com/Tecnifibre_T-Rebound_285_Tempo3_Racket/descpageRCTECNIH-TR3285-EN.html
Tecnifibre T-Rebound 270 Tempo3 Racket,"[112.9, 149.99, 0]","0,0,0",https://www.tenniswarehouse-europe.com/Tecnifibre_T-Rebound_270_Tempo3_Racket/descpageRCTECNIH-TR3270-EN.html
Tecnifibre T-Rebound 260 Tempo3 Racket,"[134.9, 179.99, 122.95]","['0', '0', 1]",https://www.tenniswarehouse-europe.com/Tecnifibre_T-Rebound_260_Tempo3_Racket/descpageRCTECNIH-TR3260-EN.html
Lacoste L20L Racket,"[289.9, 0, 0]","[1, '0', '0']",https://www.tenniswarehouse-europe.com/Lacoste_L20L_Racket/descpageRCTECNIH-TRLA2L-EN.html
Babolat B'Fly 25 Junior Racket,"[21.9, 24.95, 0]","0,0,0",https://www.tenniswarehouse-europe.com/Babolat_BFly_25_Junior_Racket/descpageRCQBA-BBF25R-EN.html
Babolat Ballfighter 25 Junior Racket,"[19.9, 24.95, 0]","['0', '0', 1]",https://www.tenniswarehouse-europe.com/Babolat_Ballfighter_25_Junior_Racket/descpageRCQBA-BBJ25R-EN.html
Babolat Drive 24 Junior Racket,"[48.91, 54.95, 0]","0,0,0",https://www.tenniswarehouse-europe.com/Babolat_Drive_24_Junior_Racket_/descpageRCQBA-BRDJ24-EN.html
ProKennex Ki Q+5 Light (280g) Racket,"[178.89, 199.0, 169.15]","[1, '0', '0']",https://www.tenniswarehouse-europe.com/ProKennex_Ki_Q5_Light_280g_Racket/descpageRCWESTGUT-Q5KIL8-EN.html
ProKennex Ki Q+15 Pro (305g) Racket,"[205.89, 229.0, 194.66]","[1, '0', '0']",https://www.tenniswarehouse-europe.com/ProKennex_Ki_Q15_Pro_305g_Racket/descpageRCWESTGUT-Q15KI0-EN.html
ProKennex Ki Q+15 (285g) Racket,"[205.89, 229.0, 194.66]","[1, '0', '0']",https://www.tenniswarehouse-europe.com/ProKennex_Ki_Q15_285g_Racket/descpageRCWESTGUT-Q15KI8-EN.html
Dunlop Srixon CX 200 Tour 16x19 (310g) Rackets,"[219.9, 239.95, 197.9]","[1, '0', '0']",https://www.tenniswarehouse-europe.com/Dunlop_Srixon_CX_200_Tour_16x19_310g_Rackets/descpageRCDUNHGER-D200T6-EN.html
Dunlop Srixon CX 200 (305g) Rackets,"[179.9, 229.95, 169.9]","[1, '0', '0']",https://www.tenniswarehouse-europe.com/Dunlop_Srixon_CX_200_305g_Rackets/descpageRCDUNHGER-D200S-EN.html
Dunlop Srixon CX 200 OS (295g) Rackets,"[179.9, 199.95, 161.91]","[1, '0', '0']",https://www.tenniswarehouse-europe.com/Dunlop_Srixon_CX_200_OS_295g_Rackets/descpageRCDUNHGER-D200OS-EN.html
Tecnifibre T-Rebound 255 Tempo3 Racket,"[94.9, 119.99, 87.44]","0,0,0",https://www.tenniswarehouse-europe.com/Tecnifibre_T-Rebound_255_Tempo3_Racket/descpageRCTECNIH-TR3255-EN.html
Tecnifibre TFlash (300) CES Racket,"[149.9, 209.99, 0]","0,0,0",https://www.tenniswarehouse-europe.com/Tecnifibre_TFlash_300_CES_Racket/descpageRCTECNIH-TF30C-EN.html
Tecnifibre TFlash (285) CES Racket,"[125.9, 179.99, 0]","['0', '0', 1]",https://www.tenniswarehouse-europe.com/Tecnifibre_TFlash_285_CES_Racket/descpageRCTECNIH-TF85C-EN.html
Babolat Drive 24 Junior Racket Pink/White,"[48.91, 54.95, 0]","0,0,0",https://www.tenniswarehouse-europe.com/Babolat_Drive_24_Junior_Racket_Pink_White/descpageRCQBA-BRDP24-EN.html
Babolat Strike 24 Junior Racket,"[48.91, 54.95, 0]","0,0,0",https://www.tenniswarehouse-europe.com/Babolat_Strike_24_Junior_Racket_/descpageRCQBA-BRS24J-EN.html
Babolat Drive 23 Junior Racket Pink/White,"[44.9, 49.95, 0]","0,0,0",https://www.tenniswarehouse-europe.com/Babolat_Drive_23_Junior_Racket_Pink_White/descpageRCQBA-BRD23P-EN.html
ProKennex Ki Q+15 Light (260g) Racket,"[205.89, 229.0, 194.66]","[1, '0', '0']",https://www.tenniswarehouse-europe.com/ProKennex_Ki_Q15_Light_260g_Racket/descpageRCWESTGUT-Q15KI6-EN.html
ProKennex Ki Q+20 (285g) Racket,"[210.9, 235.0, 199.75]","[1, '0', '0']",https://www.tenniswarehouse-europe.com/ProKennex_Ki_Q20_285g_Racket/descpageRCWESTGUT-Q20KI8-EN.html
ProKennex Ki Q+30 (260g) Racket,"[214.9, 239.0, 203.14]","[1, '0', '0']",https://www.tenniswarehouse-europe.com/ProKennex_Ki_Q30_260g_Racket/descpageRCWESTGUT-Q30KI6-EN.html
Head Gravity Pro Racket,"[194.9, 270.0, 184.9]","[1, '0', '0']",https://www.tenniswarehouse-europe.com/Head_Gravity_Pro_Racket/descpageRCHEAD-HRGP-EN.html
Dunlop Srixon CX 200 LS (290g) Rackets,"[171.9, 214.95, 154.71]","['0', '0', 1]",https://www.tenniswarehouse-europe.com/Dunlop_Srixon_CX_200_LS_290g_Rackets/descpageRCDUNHGER-D200LS-EN.html
Dunlop Srixon CX 400 Tour (300g) Rackets,"[188.9, 209.95, 170.91]","[1, '0', '0']",https://www.tenniswarehouse-europe.com/Dunlop_Srixon_CX_400_Tour_300g_Rackets/descpageRCDUNHGER-D400T-EN.html
Dunlop Srixon CX 400 (285g) Rackets,"[170.9, 209.95, 159.95]","[1, '0', '0']",https://www.tenniswarehouse-europe.com/Dunlop_Srixon_CX_400_285g_Rackets/descpageRCDUNHGER-DS400R-EN.html
Tecnifibre TFlash (255) CES Racket,"[99.99, 139.99, 0]","['0', '0', 1]",https://www.tenniswarehouse-europe.com/Tecnifibre_TFlash_255_CES_Racket/descpageRCTECNIH-TF255C-EN.html
Tecnifibre TFight 26 Team Junior Racket,"[50.0, 54.99, 0]","0,0,0",https://www.tenniswarehouse-europe.com/Tecnifibre_TFight_26_Team_Junior_Racket/descpageRCTECNIH-TRTF26T-EN.html
Tecnifibre TFight 25 Team Junior Racket,"[44.99, 49.99, 0]","0,0,0",https://www.tenniswarehouse-europe.com/Tecnifibre_TFight_25_Team_Junior_Racket/descpageRCTECNIH-TRTF25T-EN.html
Babolat Drive 23 Junior Racket,"[44.9, 49.95, 0]","0,0,0",https://www.tenniswarehouse-europe.com/Babolat_Drive_23_Junior_Racket_/descpageRCQBA-BRD23-EN.html
Babolat Nadal Junior 23 Racket,"[24.89, 27.5, 0]","0,0,0",https://www.tenniswarehouse-europe.com/Babolat_Nadal_Junior_23_Racket/descpageRCQBA-BNJ23R-EN.html
Babolat Ballfighter 23 Junior Racket,"[23.89, 24.95, 0]","0,0,0",https://www.tenniswarehouse-europe.com/Babolat_Ballfighter_23_Junior_Racket/descpageRCQBA-BBJ23R-EN.html
Babolat B'Fly 23 Junior Racket,"[22.9, 24.95, 0]","0,0,0",https://www.tenniswarehouse-europe.com/Babolat_BFly_23_Junior_Racket/descpageRCQBA-BBF23R-EN.html
ProKennex Ki Q+Tour Pro (325g) Racket,"[178.89, 199.0, 169.15]","[1, '0', '0']",https://www.tenniswarehouse-europe.com/ProKennex_Ki_QTour_Pro_325g_Racket/descpageRCWESTGUT-QTKIP2-EN.html
ProKennex Ki Q+Tour Pro (315g) Racket,"[178.89, 199.0, 169.15]","[1, '0', '0']",https://www.tenniswarehouse-europe.com/ProKennex_Ki_QTour_Pro_315g_Racket/descpageRCWESTGUT-QTKIM0-EN.html
ProKennex Ki Q+Tour (300g) Racket,"[178.89, 199.0, 169.15]","[1, '0', '0']",https://www.tenniswarehouse-europe.com/ProKennex_Ki_QTour_300g_Racket/descpageRCWESTGUT-QTKI30-EN.html
ProKennex Ki Black Ace (315g) Racket,"[205.89, 229.0, 182.9]","0,0,0",https://www.tenniswarehouse-europe.com/ProKennex_Ki_Black_Ace_315g_Racket_/descpageRCWESTGUT-315PBA-EN.html
Head Gravity MP Racket,"[199.9, 250.0, 202.41]","[1, '0', '0']",https://www.tenniswarehouse-europe.com/Head_Gravity_MP_Racket/descpageRCHEAD-HRGMP-EN.html
Head Gravity Tour Racket,"[192.89, 260.0, 0]","[1, '0', '0']",https://www.tenniswarehouse-europe.com/Head_Gravity_Tour_Racket/descpageRCHEAD-HRGT-EN.html
Head Gravity MP Lite Racket,"[177.92, 220.0, 167.9]","[1, '0', '0']",https://www.tenniswarehouse-europe.com/Head_Gravity_MP_Lite_Racket/descpageRCHEAD-HRGML-EN.html
Dunlop Srixon CX 200 Tour 18x20,"[130.0, 239.95, 0]","['0', '0', 1]",https://www.tenniswarehouse-europe.com/Dunlop_Srixon_CX_200_Tour_18x20/descpageRCDUNHGER-DSCX2H-EN.html
Dunlop Srixon CX 200 Tour 16x19 (310g) Racket,"[119.95, 239.95, 0]","['0', '0', 1]",https://www.tenniswarehouse-europe.com/Dunlop_Srixon_CX_200_Tour_16x19_310g_Racket/descpageRCDUNHGER-CX2H16-EN.html
Dunlop Srixon CX 200+,"[144.89, 229.95, 0]","0,0,0",https://www.tenniswarehouse-europe.com/Dunlop_Srixon_CX_200/descpageRCDUNHGER-CX2HP-EN.html
Tecnifibre TFight 24 Team Junior Racket,"[39.98, 44.99, 0]","0,0,0",https://www.tenniswarehouse-europe.com/Tecnifibre_TFight_24_Team_Junior_Racket/descpageRCTECNIH-TRTF24T-EN.html
Tecnifibre TFight 26 Tour Junior Racket,"[79.99, 89.99, 0]","0,0,0",https://www.tenniswarehouse-europe.com/Tecnifibre_TFight_26_Tour_Junior_Racket/descpageRCTECNIH-TRTFTJ-EN.html
Tecnifibre TFight 25 Tour Junior Racket,"[76.48, 84.99, 0]","0,0,0",https://www.tenniswarehouse-europe.com/Tecnifibre_TFight_25_Tour_Junior_Racket/descpageRCTECNIH-TRTF25J-EN.html
Tecnifibre Bullit 25 RS Junior Racket,"[16.9, 25.95, 0]","['0', '0', 1]",https://www.tenniswarehouse-europe.com/Tecnifibre_Bullit_25_RS_Junior_Racket/descpageRCTECNIH-TB25J-EN.html
Babolat Nadal Junior 21 Racket,"[24.89, 27.5, 0]","0,0,0",https://www.tenniswarehouse-europe.com/Babolat_Nadal_Junior_21_Racket/descpageRCQBA-BNJ21R-EN.html
Babolat Ballfighter 21 Junior Racket,"[19.9, 22.95, 0]","0,0,0",https://www.tenniswarehouse-europe.com/Babolat_Ballfighter_21_Junior_Racket/descpageRCQBA-BBJ21R-EN.html
Babolat B'Fly 21 Junior Racket,"[19.9, 22.95, 0]","0,0,0",https://www.tenniswarehouse-europe.com/Babolat_BFly_21_Junior_Racket/descpageRCQBA-BBF21R-EN.html
Babolat Ballfighter 19 Junior Racket,"[19.9, 22.95, 0]","0,0,0",https://www.tenniswarehouse-europe.com/Babolat_Ballfighter_19_Junior_Racket/descpageRCQBA-BBJ19R-EN.html
ProKennex Ki Black Ace (300g) Racket,"[205.89, 229.0, 182.9]","0,0,0",https://www.tenniswarehouse-europe.com/ProKennex_Ki_Black_Ace_300g_Racket_/descpageRCWESTGUT-300PBA-EN.html
ProKennex Ki Black Ace (285g) Racket,"[205.89, 229.0, 182.9]","0,0,0",https://www.tenniswarehouse-europe.com/ProKennex_Ki_Black_Ace_285g_Racket_/descpageRCWESTGUT-285PBA-EN.html
ProKennex Ki 5 (300g) Racket,"[169.9, 189.0, 151.92]","0,0,0",https://www.tenniswarehouse-europe.com/ProKennex_Ki_5_300g_Racket_/descpageRCWESTGUT-300KI5-EN.html
Head Gravity Lite Racket,"[157.95, 200.0, 149.9]","[1, '0', '0']",https://www.tenniswarehouse-europe.com/Head_Gravity_Lite_Racket/descpageRCHEAD-HRGL-EN.html
Head Gravity S Racket,"[169.9, 210.0, 0]","[1, '0', '0']",https://www.tenniswarehouse-europe.com/Head_Gravity_S_Racket/descpageRCHEAD-HRGS-EN.html
Head Graphene 360+ Radical Pro Racket,"[224.9, 270.0, 220.41]","['0', 1, '0']",https://www.tenniswarehouse-europe.com/Head_Graphene_360_Radical_Pro_Racket/descpageRCHEAD-HRRP-EN.html
Dunlop Srixon CX 200 (305g) Racket,"[119.9, 229.95, 0]","['0', '0', 1]",https://www.tenniswarehouse-europe.com/Dunlop_Srixon_CX_200_305g_Racket/descpageRCDUNHGER-CX2H-EN.html
Dunlop Srixon CX 400,"[99.89, 199.95, 0]","['0', '0', 1]",https://www.tenniswarehouse-europe.com/Dunlop_Srixon_CX_400/descpageRCDUNHGER-CX4H-EN.html
Dunlop Srixon CX 200 LS,"[119.99, 214.95, 0]","['0', '0', 1]",https://www.tenniswarehouse-europe.com/Dunlop_Srixon_CX_200_LS/descpageRCDUNHGER-CX2HLS-EN.html
Tecnifibre T-Rebound 25 Junior Racket,"[23.89, 26.95, 0]","0,0,0",https://www.tenniswarehouse-europe.com/Tecnifibre_T-Rebound_25_Junior_Racket/descpageRCTECNIH-TTR25JR-EN.html
Tecnifibre T-Rebound 23 Junior Racket,"[21.9, 24.95, 0]","0,0,0",https://www.tenniswarehouse-europe.com/Tecnifibre_T-Rebound_23_Junior_Racket/descpageRCTECNIH-TTR23JR-EN.html
Tecnifibre T-Rebound 21 Junior Racket,"[19.9, 22.95, 0]","0,0,0",https://www.tenniswarehouse-europe.com/Tecnifibre_T-Rebound_21_Junior_Racket/descpageRCTECNIH-TTR21JR-EN.html
Tecnifibre T-Rebound 19 Junior Racket,"[17.91, 20.95, 0]","0,0,0",https://www.tenniswarehouse-europe.com/Tecnifibre_T-Rebound_19_Junior_Racket/descpageRCTECNIH-TTR19JR-EN.html
Babolat B'Fly 19 Junior Racket,"[19.9, 22.95, 0]","0,0,0",https://www.tenniswarehouse-europe.com/Babolat_BFly_19_Junior_Racket/descpageRCQBA-BBF19R-EN.html
Babolat Ballfighter 17 Junior Racket,"[21.9, 22.95, 0]","0,0,0",https://www.tenniswarehouse-europe.com/Babolat_Ballfighter_17_Junior_Racket/descpageRCQBA-BBJ17R-EN.html
Wilson Minions 25 Junior Racket,"[35.9, 40.0, 0]","[1, '0', '0']",https://www.tenniswarehouse-europe.com/Wilson_Minions_25_Junior_Racket/descpageRCWILSON-WRM25-EN.html
Wilson Minions 23 Junior Racket,"[31.91, 35.0, 0]","[1, '0', '0']",https://www.tenniswarehouse-europe.com/Wilson_Minions_23_Junior_Racket/descpageRCWILSON-WRM23-EN.html
ProKennex Ki 5 (320g) Racket,"[169.9, 189.0, 0]","0,0,0",https://www.tenniswarehouse-europe.com/ProKennex_Ki_5_320g_Racket_/descpageRCWESTGUT-320KI5-EN.html
ProKennex Ki 5 (280g) Racket,"[169.9, 189.0, 151.92]","0,0,0",https://www.tenniswarehouse-europe.com/ProKennex_Ki_5_280g_Racket_/descpageRCWESTGUT-280KI5-EN.html
ProKennex Ki 5 (260g) Racket,"[169.9, 189.0, 151.9]","0,0,0",https://www.tenniswarehouse-europe.com/ProKennex_Ki_5_260g_Racket_/descpageRCWESTGUT-260KI5-EN.html
ProKennex Ki 10 (305g) Racket,"[139.9, 199.0, 0]","0,0,0",https://www.tenniswarehouse-europe.com/ProKennex_Ki_10_305g_Racket_/descpageRCWESTGUT-305KIP-EN.html
Head Graphene 360+ Radical MP Racket,"[194.9, 250.0, 184.9]","[1, '0', '0']",https://www.tenniswarehouse-europe.com/Head_Graphene_360_Radical_MP_Racket/descpageRCHEAD-HRRMP-EN.html
Head Graphene 360+ Radical S Racket,"[179.9, 210.0, 0]","[1, '0', '0']",https://www.tenniswarehouse-europe.com/Head_Graphene_360_Radical_S_Racket/descpageRCHEAD-HRRS-EN.html
Head Graphene 360+ Radical Lite Racket,"[159.9, 200.0, 149.9]","[1, '0', '0']",https://www.tenniswarehouse-europe.com/Head_Graphene_360_Radical_Lite_Racket/descpageRCHEAD-HRRL-EN.html
Dunlop FX 500 Tour Racket,"[179.9, 199.95, 169.9]","[1, '0', '0']",https://www.tenniswarehouse-europe.com/Dunlop_FX_500_Tour_Racket/descpageRCDUNHGER-FX500T-EN.html
Dunlop FX 500 Racket,"[159.9, 189.95, 149.9]","['0', 1, '0']",https://www.tenniswarehouse-europe.com/Dunlop_FX_500_Racket/descpageRCDUNHGER-FX500R-EN.html
Dunlop FX 500 LS Racket,"[164.9, 179.95, 149.9]","[1, '0', '0']",https://www.tenniswarehouse-europe.com/Dunlop_FX_500_LS_Racket/descpageRCDUNHGER-LSFX5D-EN.html
Wilson Minions 21 Junior Racket,"[31.91, 35.0, 0]","[1, '0', '0']",https://www.tenniswarehouse-europe.com/Wilson_Minions_21_Junior_Racket/descpageRCWILSON-WRM21-EN.html
Wilson Roland Garros Elite 23 Junior Racket,"[31.91, 0, 0]","[1, '0', '0']",https://www.tenniswarehouse-europe.com/Wilson_Roland_Garros_Elite_23_Junior_Racket/descpageRCWILSON-WJRRG23-EN.html
Wilson Roland Garros Elite 21 Junior Racket,"[31.91, 0, 0]","[1, '0', '0']",https://www.tenniswarehouse-europe.com/Wilson_Roland_Garros_Elite_21_Junior_Racket/descpageRCWILSON-WJRRG21-EN.html
ProKennex Ki 15 (300g) Racket,"[178.89, 199.0, 159.9]","0,0,0",https://www.tenniswarehouse-europe.com/ProKennex_Ki_15_300g_Racket_/descpageRCWESTGUT-300KIP-EN.html
ProKennex Ki 15 (280g) Racket,"[178.89, 199.0, 159.9]","0,0,0",https://www.tenniswarehouse-europe.com/ProKennex_Ki_15_280g_Racket_/descpageRCWESTGUT-280KIP-EN.html
ProKennex Ki 15 (260g) Racket,"[178.89, 199.0, 159.9]","0,0,0",https://www.tenniswarehouse-europe.com/ProKennex_Ki_15_260g_Racket_/descpageRCWESTGUT-260KIP-EN.html
ProKennex Ki Q+ Tour Pro (315g) Racket,"[119.99, 199.0, 0]","['0', '0', 1]",https://www.tenniswarehouse-europe.com/ProKennex_Ki_Q_Tour_Pro_315g_Racket/descpageRCWESTGUT-PK15TP-EN.html
Head Graphene 360+ Speed Pro (Black) Racket,"[199.94, 270.0, 191.9]","[1, '0', '0']",https://www.tenniswarehouse-europe.com/Head_Graphene_360_Speed_Pro_Black_Racket/descpageRCHEAD-HRSPB-EN.html
Head Graphene 360+ Speed MP (Black) Racket,"[199.9, 250.0, 0]","[1, '0', '0']",https://www.tenniswarehouse-europe.com/Head_Graphene_360_Speed_MP_Black_Racket/descpageRCHEAD-HRSMB-EN.html
Head Graphene 360+ Speed Pro Racket,"[189.89, 270.0, 0]","['0', 1, '0']",https://www.tenniswarehouse-europe.com/Head_Graphene_360_Speed_Pro_Racket/descpageRCHEAD-H3SPRO-EN.html
Head Graphene 360+ Speed MP Racket,"[189.89, 250.0, 0]","['0', '0', 1]",https://www.tenniswarehouse-europe.com/Head_Graphene_360_Speed_MP_Racket/descpageRCHEAD-H3SMIP-EN.html
Dunlop FX 500 Lite Racket,"[139.9, 164.95, 129.9]","['0', '0', 1]",https://www.tenniswarehouse-europe.com/Dunlop_FX_500_Lite_Racket/descpageRCDUNHGER-FX500L-EN.html
Dunlop FX 700 Racket,"[144.89, 169.95, 0]","0,0,0",https://www.tenniswarehouse-europe.com/Dunlop_FX_700_Racket/descpageRCDUNHGER-FX700R-EN.html
Wilson Roland Garros Elite 19 Junior Racket,"[26.88, 0, 0]","[1, '0', '0']",https://www.tenniswarehouse-europe.com/Wilson_Roland_Garros_Elite_19_Junior_Racket/descpageRCWILSON-WJRRG19-EN.html
Wilson Roland Garros Elite 17 Junior Racket,"[26.88, 0, 0]","[1, '0', '0']",https://www.tenniswarehouse-europe.com/Wilson_Roland_Garros_Elite_17_Junior_Racket/descpageRCWILSON-WJRRG17-EN.html
Wilson Pro Staff 26 Junior Racket,"[89.9, 110.0, 0]","['0', '0', 1]",https://www.tenniswarehouse-europe.com/Wilson_Pro_Staff_26_Junior_Racket/descpageRCWILSON-PS26JU-EN.html
ProKennex Ki Q+ Tour Pro (325g) Racket,"[119.99, 199.0, 0]","['0', '0', 1]",https://www.tenniswarehouse-europe.com/ProKennex_Ki_Q_Tour_Pro_325g_Racket/descpageRCWESTGUT-PK25TP-EN.html
ProKennex Ki Q+ Tour (300g) Racket,"[119.99, 199.0, 0]","['0', '0', 1]",https://www.tenniswarehouse-europe.com/ProKennex_Ki_Q_Tour_300g_Racket/descpageRCWESTGUT-PKQT19-EN.html
Head Graphene 360+ Speed S Racket,"[144.96, 210.0, 0]","0,0,0",https://www.tenniswarehouse-europe.com/Head_Graphene_360_Speed_S_Racket/descpageRCHEAD-H3SSMA-EN.html
Head Graphene 360+ Speed MP Lite Racket,"[169.9, 220.0, 0]","0,0,0",https://www.tenniswarehouse-europe.com/Head_Graphene_360_Speed_MP_Lite_Racket/descpageRCHEAD-H3SMPL-EN.html
Head Graphene 360+ Speed Lite Racket,"[135.95, 200.0, 0]","0,0,0",https://www.tenniswarehouse-europe.com/Head_Graphene_360_Speed_Lite_Racket/descpageRCHEAD-H3SLIT-EN.html
Dunlop SX 300 Racket,"[159.9, 209.95, 0]","0,0,0",https://www.tenniswarehouse-europe.com/Dunlop_SX_300_Racket/descpageRCDUNHGER-RSX300-EN.html
Dunlop SX 300 Tour Racket,"[164.9, 219.95, 0]","0,0,0",https://www.tenniswarehouse-europe.com/Dunlop_SX_300_Tour_Racket/descpageRCDUNHGER-SX300T-EN.html
Dunlop SX 300 LS Racket,"[139.9, 199.95, 0]","0,0,0",https://www.tenniswarehouse-europe.com/Dunlop_SX_300_LS_Racket/descpageRCDUNHGER-RSX3LS-EN.html
Wilson Pro Staff 25 Junior Racket,"[89.9, 110.0, 0]","['0', '0', 1]",https://www.tenniswarehouse-europe.com/Wilson_Pro_Staff_25_Junior_Racket/descpageRCWILSON-PS25JU-EN.html
Wilson Ultra Junior 25 V3.0 Racket,"[98.9, 110.0, 0]","0,0,0",https://www.tenniswarehouse-europe.com/Wilson_Ultra_Junior_25_V30_Racket/descpageRCWILSON-U25V3-EN.html
Wilson Clash 25 Junior Racket,"[98.9, 110.0, 0]","0,0,0",https://www.tenniswarehouse-europe.com/Wilson_Clash_25_Junior_Racket/descpageRCWILSON-WC25JR-EN.html
ProKennex Ki Q+ 5X Pro (310g) Racket,"[119.99, 199.0, 0]","['0', '0', 1]",https://www.tenniswarehouse-europe.com/ProKennex_Ki_Q_5X_Pro_310g_Racket/descpageRCWESTGUT-PKQ5X-EN.html
ProKennex Ki Q+ 5 Pro (310g) Racket,"[119.99, 199.0, 0]","['0', '0', 1]",https://www.tenniswarehouse-europe.com/ProKennex_Ki_Q_5_Pro_310g_Racket/descpageRCWESTGUT-PKQ5PR-EN.html
ProKennex Ki Q+ 5 (290g) Racket,"[119.99, 199.0, 0]","['0', '0', 1]",https://www.tenniswarehouse-europe.com/ProKennex_Ki_Q_5_290g_Racket/descpageRCWESTGUT-PKQ5R-EN.html
Head Graphene 360+ Speed PWR Racket,"[189.89, 250.0, 0]","0,0,0",https://www.tenniswarehouse-europe.com/Head_Graphene_360_Speed_PWR_Racket/descpageRCHEAD-H3SPWR-EN.html
Head Graphene 360 Speed Pro Racket,"[134.9, 270.0, 0]","['0', '0', 1]",https://www.tenniswarehouse-europe.com/Head_Graphene_360_Speed_Pro_Racket/descpageRCHEAD-HG360S-EN.html
Dunlop SX 600 Racket (270g),"[149.9, 199.95, 0]","0,0,0",https://www.tenniswarehouse-europe.com/Dunlop_SX_600_Racket_270g/descpageRCDUNHGER-DSX60L-EN.html
Dunlop Srixon CV 3.0 F LS Racket,"[80.0, 199.95, 0]","['0', '0', 1]",https://www.tenniswarehouse-europe.com/Dunlop_Srixon_CV_30_F_LS_Racket/descpageRCDUNHGER-RV3FLS-EN.html
Wilson Blade 25 Junior V7.0 Racket,"[89.9, 0, 0]","0,0,0",https://www.tenniswarehouse-europe.com/Wilson_Blade_25_Junior_V70_Racket/descpageRCWILSON-WB25JUN-EN.html
Wilson Ultra Power 26 Junior Racket,"[49.9, 60.0, 0]","[1, '0', '0']",https://www.tenniswarehouse-europe.com/Wilson_Ultra_Power_26_Junior_Racket/descpageRCWILSON-WJRUP-EN.html
Wilson Ultra Power 25 Junior Racket,"[47.9, 55.0, 0]","[1, '0', '0']",https://www.tenniswarehouse-europe.com/Wilson_Ultra_Power_25_Junior_Racket/descpageRCWILSON-WJRUPW-EN.html
ProKennex Ki Q+ 5 Light (275g) Racket,"[119.99, 199.0, 0]","['0', '0', 1]",https://www.tenniswarehouse-europe.com/ProKennex_Ki_Q_5_Light_275g_Racket_/descpageRCWESTGUT-PKQ5LR-EN.html
ProKennex Ki Q+ 15 Light (260g) Racket,"[124.91, 219.0, 0]","['0', '0', 1]",https://www.tenniswarehouse-europe.com/ProKennex_Ki_Q_15_Light_260g_Racket/descpageRCWESTGUT-PK15LR-EN.html
Head Graphene 360+ Instinct MP Racket,"[139.95, 190.0, 128.9]","['0', 1, '0']",https://www.tenniswarehouse-europe.com/Head_Graphene_360_Instinct_MP_Racket/descpageRCHEAD-HRIMP-EN.html
Head Graphene 360+ Instinct S Racket,"[134.9, 170.0, 0]","0,0,0",https://www.tenniswarehouse-europe.com/Head_Graphene_360_Instinct_S_Racket/descpageRCHEAD-HRIS-EN.html
Head Graphene 360+ Instinct Lite Racket,"[114.91, 140.0, 0]","0,0,0",https://www.tenniswarehouse-europe.com/Head_Graphene_360_Instinct_Lite_Racket/descpageRCHEAD-HRIL-EN.html
Wilson Roger Federer 26 Junior Racket,"[39.9, 45.0, 0]","[1, '0', '0']",https://www.tenniswarehouse-europe.com/Wilson_Roger_Federer_26_Junior_Racket/descpageRCWILSON-WJRF26-EN.html
Wilson Roger Federer 25 Junior Racket,"[34.89, 40.0, 0]","[1, '0', '0']",https://www.tenniswarehouse-europe.com/Wilson_Roger_Federer_25_Junior_Racket/descpageRCWILSON-WJRF25-EN.html
Wilson Roger Federer 25 Junior Racket,"[28.0, 40.0, 0]","['0', '0', 1]",https://www.tenniswarehouse-europe.com/Wilson_Roger_Federer_25_Junior_Racket/descpageRCWILSON-WRF25JU-EN.html
Head Graphene 360+ Extreme Pro Racket,"[172.96, 230.0, 0]","0,0,0",https://www.tenniswarehouse-europe.com/Head_Graphene_360_Extreme_Pro_Racket/descpageRCHEAD-HREP-EN.html
Head Graphene 360+ Extreme Tour Racket,"[155.95, 220.0, 0]","0,0,0",https://www.tenniswarehouse-europe.com/Head_Graphene_360_Extreme_Tour_Racket/descpageRCHEAD-HRET-EN.html
Head Graphene 360+ Extreme MP Racket,"[157.9, 210.0, 0]","0,0,0",https://www.tenniswarehouse-europe.com/Head_Graphene_360_Extreme_MP_Racket/descpageRCHEAD-HREMP-EN.html
Wilson Roger Federer 23 Junior Racket,"[31.91, 35.0, 0]","[1, '0', '0']",https://www.tenniswarehouse-europe.com/Wilson_Roger_Federer_23_Junior_Racket/descpageRCWILSON-WJRF23-EN.html
Wilson Roger Federer 21 Junior Racket,"[24.5, 35.0, 0]","['0', '0', 1]",https://www.tenniswarehouse-europe.com/Wilson_Roger_Federer_21_Junior_Racket/descpageRCWILSON-WRF21JU-EN.html
Wilson Roger Federer 21 Junior Racket,"[26.88, 30.0, 0]","[1, '0', '0']",https://www.tenniswarehouse-europe.com/Wilson_Roger_Federer_21_Junior_Racket/descpageRCWILSON-WJRF21-EN.html
Yonex VCORE 100 (300g) Rackets,"[244.9, 269.9, 0]","[1, '0', '0']",https://www.tenniswarehouse-europe.com/Yonex_VCORE_100_300g_Rackets/descpageRCYONEX-YVC100-EN.html
Head Graphene 360+ Extreme S Racket,"[149.9, 190.0, 0]","0,0,0",https://www.tenniswarehouse-europe.com/Head_Graphene_360_Extreme_S_Racket/descpageRCHEAD-HRES-EN.html
Head Graphene 360+ Extreme MP Lite Racket,"[149.9, 200.0, 142.8]","0,0,0",https://www.tenniswarehouse-europe.com/Head_Graphene_360_Extreme_MP_Lite_Racket/descpageRCHEAD-HREML-EN.html
Head Graphene 360+ Extreme LITE Racket,"[129.9, 170.0, 0]","0,0,0",https://www.tenniswarehouse-europe.com/Head_Graphene_360_Extreme_LITE_Racket/descpageRCHEAD-HREL-EN.html
Wilson Roger Federer 19 Junior Racket,"[22.9, 25.0, 0]","[1, '0', '0']",https://www.tenniswarehouse-europe.com/Wilson_Roger_Federer_19_Junior_Racket/descpageRCWILSON-WJRF19-EN.html
Wilson Roland Garros Elite 25 Junior Racket,"[31.91, 0, 0]","[1, '0', '0']",https://www.tenniswarehouse-europe.com/Wilson_Roland_Garros_Elite_25_Junior_Racket/descpageRCWILSON-WJRRG25-EN.html
Wilson Ultra Blue 25 Junior Racket,"[34.89, 40.0, 0]","[1, '0', '0']",https://www.tenniswarehouse-europe.com/Wilson_Ultra_Blue_25_Junior_Racket/descpageRCWILSON-WJRUBL-EN.html
Wilson Ultra Blue 23 Junior Racket,"[31.91, 35.0, 0]","[1, '0', '0']",https://www.tenniswarehouse-europe.com/Wilson_Ultra_Blue_23_Junior_Racket/descpageRCWILSON-WJRUB-EN.html
Yonex VCORE 100L (280g) Rackets,"[220.89, 259.9, 0]","[1, '0', '0']",https://www.tenniswarehouse-europe.com/Yonex_VCORE_100L_280g_Rackets/descpageRCYONEX-VC100L-EN.html
Yonex VCORE 98L (285g) Rackets,"[187.75, 259.9, 0]","[1, '0', '0']",https://www.tenniswarehouse-europe.com/Yonex_VCORE_98L_285g_Rackets/descpageRCYONEX-VCR98L-EN.html
Yonex VCORE 98 (305g) Rackets,"[228.9, 269.9, 218.9]","[1, '0', '0']",https://www.tenniswarehouse-europe.com/Yonex_VCORE_98_305g_Rackets/descpageRCYONEX-YVCR98-EN.html
Prince Hydrogen Chrome Beast 100 (300g) Racket,"[229.9, 260.0, 219.9]","[1, '0', '0']",https://www.tenniswarehouse-europe.com/Prince_Hydrogen_Chrome_Beast_100_300g_Racket_/descpageRCPRINCEH-PRHCB3-EN.html
Head Graphene 360+ Extreme PWR Racket,"[169.95, 220.0, 0]","0,0,0",https://www.tenniswarehouse-europe.com/Head_Graphene_360_Extreme_PWR_Racket/descpageRCHEAD-HREPW-EN.html
Head Pro Tour 2.0 Rackets,"[159.9, 0, 0]","0,0,0",https://www.tenniswarehouse-europe.com/Head_Pro_Tour_20_Rackets/descpageRCHEAD-HDPT2-EN.html
Head Graphene 360+ Prestige MP Racket,"[161.94, 270.0, 0]","['0', '0', 1]",https://www.tenniswarehouse-europe.com/Head_Graphene_360_Prestige_MP_Racket/descpageRCHEAD-HPRMPR-EN.html
Wilson Ultra Blue 21 Junior Racket,"[26.88, 30.0, 0]","[1, '0', '0']",https://www.tenniswarehouse-europe.com/Wilson_Ultra_Blue_21_Junior_Racket/descpageRCWILSON-WJRUBLU-EN.html
Wilson Burn Pink 25 Junior Racket,"[34.89, 40.0, 0]","[1, '0', '0']",https://www.tenniswarehouse-europe.com/Wilson_Burn_Pink_25_Junior_Racket/descpageRCWILSON-WJRBP-EN.html
Wilson Burn Pink 23 Junior Racket,"[31.91, 35.0, 0]","[1, '0', '0']",https://www.tenniswarehouse-europe.com/Wilson_Burn_Pink_23_Junior_Racket/descpageRCWILSON-WJRBPI-EN.html
Yonex VCORE 95 (310g) Rackets,"[228.9, 269.9, 0]","[1, '0', '0']",https://www.tenniswarehouse-europe.com/Yonex_VCORE_95_310g_Rackets/descpageRCYONEX-YVCR95-EN.html
Yonex VCORE Game 100 (270g) Rackets,"[159.9, 189.9, 0]","[1, '0', '0']",https://www.tenniswarehouse-europe.com/Yonex_VCORE_Game_100_270g_Rackets/descpageRCYONEX-VCGA27-EN.html
Yonex VCORE Ace (260g) Rackets,"[99.89, 119.9, 0]","[1, '0', '0']",https://www.tenniswarehouse-europe.com/Yonex_VCORE_Ace_260g_Rackets/descpageRCYONEX-VCAC25-EN.html
Yonex VCORE 98 (285g) Rackets,"[119.99, 259.95, 0]","['0', '0', 1]",https://www.tenniswarehouse-europe.com/Yonex_VCORE_98_285g_Rackets/descpageRCYONEX-VCP98-EN.html
Prince Hydrogen Chrome Beast 100 O3 (290g) Racket,"[229.9, 260.0, 219.9]","[1, '0', '0']",https://www.tenniswarehouse-europe.com/Prince_Hydrogen_Chrome_Beast_100_O3_290g_Racket_/descpageRCPRINCEH-PRHCO3-EN.html
Prince Hydrogen Chrome Beast 100 (280g) Racket,"[229.9, 260.0, 219.9]","[1, '0', '0']",https://www.tenniswarehouse-europe.com/Prince_Hydrogen_Chrome_Beast_100_280g_Racket_/descpageRCPRINCEH-PRHCB2-EN.html
Prince O3 Tattoo 310g Racket,"[184.95, 250.0, 174.95]","0,0,0",https://www.tenniswarehouse-europe.com/Prince_O3_Tattoo_310g_Racket_/descpageRCPRINCEH-PRATOO-EN.html
Head Graphene 360+ Prestige Pro Racket,"[163.9, 280.0, 179.9]","['0', '0', 1]",https://www.tenniswarehouse-europe.com/Head_Graphene_360_Prestige_Pro_Racket/descpageRCHEAD-HPREPR-EN.html
Head Graphene 360+ Prestige S Racket,"[152.9, 260.0, 0]","0,0,0",https://www.tenniswarehouse-europe.com/Head_Graphene_360_Prestige_S_Racket/descpageRCHEAD-HPRESR-EN.html
Head Graphene 360+ Prestige Tour Racket,"[157.9, 270.0, 0]","0,0,0",https://www.tenniswarehouse-europe.com/Head_Graphene_360_Prestige_Tour_Racket/descpageRCHEAD-HPRTOR-EN.html
Wilson Burn Pink 21 Junior Racket,"[26.88, 30.0, 0]","[1, '0', '0']",https://www.tenniswarehouse-europe.com/Wilson_Burn_Pink_21_Junior_Racket/descpageRCWILSON-WJRBPIN-EN.html
Head Gravity Junior 2021 Racket,"[79.91, 110.0, 0]","[1, '0', '0']",https://www.tenniswarehouse-europe.com/Head_Gravity_Junior_2021_Racket/descpageRCHEAD-HRGJ-EN.html
Head Radical 360+ Junior Racket,"[89.9, 100.0, 0]","[1, '0', '0']",https://www.tenniswarehouse-europe.com/Head_Radical_360_Junior_Racket/descpageRCHEAD-HRRJ-EN.html
Head Radical Junior 26 Racket,"[33.9, 50.0, 0]","[1, '0', '0']",https://www.tenniswarehouse-europe.com/Head_Radical_Junior_26_Racket_/descpageRCHEAD-HRRJ26-EN.html
Yonex VCORE 100 (300g) Rackets,"[119.99, 259.95, 0]","0,0,0",https://www.tenniswarehouse-europe.com/Yonex_VCORE_100_300g_Rackets/descpageRCYONEX-VC1H-EN.html
Yonex VCORE Game (270g) Rackets,"[99.99, 189.95, 0]","['0', '0', 1]",https://www.tenniswarehouse-europe.com/Yonex_VCORE_Game_270g_Rackets/descpageRCYONEX-VCPGA-EN.html
Yonex EZONE 98 Tour (315g) Racket,"[199.9, 249.9, 189.89]","[1, '0', '0']",https://www.tenniswarehouse-europe.com/Yonex_EZONE_98_Tour_315g_Racket/descpageRCYONEX-YEZ98T-EN.html
Yonex EZONE 98 (305g) Racket,"[169.9, 249.9, 0]","['0', 1, '0']",https://www.tenniswarehouse-europe.com/Yonex_EZONE_98_305g_Racket/descpageRCYONEX-305YEZ-EN.html
Asics Court FF 2 Clay Grey/White Women's Shoes,"[153.0, 180.0, 0]","['0', '0', 1]",https://www.tenniswarehouse-europe.com/Asics_Court_FF_2_Clay_Grey_White_Womens_Shoes/descpageWSASICSP-AWCFCGW-EN.html
Babolat Sensa Padel Black/Blue Women's Shoes,"[84.89, 110.0, 0]","0,0,0",https://www.tenniswarehouse-europe.com/Babolat_Sensa_Padel_Black_Blue_Womens_Shoes/descpageWSQBA-BWSSPBB-EN.html
Babolat Jet Ritma Padel Grey/White/Green Women's Shoes,"[119.99, 150.0, 0]","0,0,0",https://www.tenniswarehouse-europe.com/Babolat_Jet_Ritma_Padel_Grey_White_Green_Womens_Shoes/descpageWSQBA-BWSJRPG-EN.html
Prince O3 Tattoo 290g Racket,"[214.9, 250.0, 202.41]","0,0,0",https://www.tenniswarehouse-europe.com/Prince_O3_Tattoo_290g_Racket_/descpageRCPRINCEH-PROTO-EN.html
Prince Ripstick 100 (280g) Racket,"[204.85, 229.95, 184.4]","[1, '0', '0']",https://www.tenniswarehouse-europe.com/Prince_Ripstick_100_280g_Racket_/descpageRCPRINCEH-PRIPSL-EN.html
Prince Ripstick 100 (300g) Racket,"[204.85, 229.95, 184.4]","[1, '0', '0']",https://www.tenniswarehouse-europe.com/Prince_Ripstick_100_300g_Racket_/descpageRCPRINCEH-PRIPS-EN.html
Head Graphene 360+ Prestige MID Racket,"[136.9, 270.0, 0]","0,0,0",https://www.tenniswarehouse-europe.com/Head_Graphene_360_Prestige_MID_Racket/descpageRCHEAD-HPRMIR-EN.html
Head Gravity Junior 2021 Racket,"[79.91, 110.0, 0]","[1, '0', '0']",https://www.tenniswarehouse-europe.com/Head_Gravity_Junior_2021_Racket/descpageRCHEAD-HRGJ-EN.html
Head Radical 360+ Junior Racket,"[89.9, 100.0, 0]","[1, '0', '0']",https://www.tenniswarehouse-europe.com/Head_Radical_360_Junior_Racket/descpageRCHEAD-HRRJ-EN.html
Head Graphene 360+ Extreme Junior Racket,"[80.9, 90.0, 0]","0,0,0",https://www.tenniswarehouse-europe.com/Head_Graphene_360_Extreme_Junior_Racket/descpageRCHEAD-HREJ-EN.html
Head Graphene Speed 360+ Junior Racket,"[74.9, 110.0, 0]","0,0,0",https://www.tenniswarehouse-europe.com/Head_Graphene_Speed_360_Junior_Racket/descpageRCHEAD-H3SJUNR-EN.html
Head Graphite Speed 26 Junior Racket,"[59.9, 70.0, 0]","0,0,0",https://www.tenniswarehouse-europe.com/Head_Graphite_Speed_26_Junior_Racket/descpageRCHEAD-HSPJU26-EN.html
Yonex EZONE 98L (285g) Racket,"[174.91, 239.9, 0]","['0', '0', 1]",https://www.tenniswarehouse-europe.com/Yonex_EZONE_98L_285g_Racket/descpageRCYONEX-YE98L2-EN.html
Yonex EZONE 100 (300g) Racket,"[169.9, 249.9, 0]","['0', 1, '0']",https://www.tenniswarehouse-europe.com/Yonex_EZONE_100_300g_Racket/descpageRCYONEX-YE100-EN.html
Yonex EZONE 100L (285g) Racket,"[169.9, 239.9, 0]","0,0,0",https://www.tenniswarehouse-europe.com/Yonex_EZONE_100L_285g_Racket/descpageRCYONEX-YE10LI-EN.html
Asics Court FF 2 Clay Mint/Lagoon Women's Shoes,"[124.91, 180.0, 0]","['0', '0', 1]",https://www.tenniswarehouse-europe.com/Asics_Court_FF_2_Clay_Mint_Lagoon_Womens_Shoes/descpageWSASICS-AWCFCML-EN.html
Asics Court Speed FF Clay White/Champagne Women's Shoes,"[108.0, 120.0, 0]","['0', '0', 1]",https://www.tenniswarehouse-europe.com/Asics_Court_Speed_FF_Clay_White_Champagne_Womens_Shoes/descpageWSASICSP-ACSDCWC-EN.html
Asics Gel Challenger 12 Clay Blue/White Women's Shoes,"[39.9, 100.0, 0]","['0', '0', 1]",https://www.tenniswarehouse-europe.com/Asics_Gel_Challenger_12_Clay_Blue_White_Womens_Shoes/descpageWSASICS-AGC12CW-EN.html
Head Revolt Pro 3.5 Clay Pink/Magenta Women's Shoes,"[124.91, 140.0, 0]","0,0,0",https://www.tenniswarehouse-europe.com/Head_Revolt_Pro_35_Clay_Pink_Magenta_Womens_Shoes/descpageWSHEAD-HWRP3CP-EN.html
Head Sprint SF Clay Black/Blue Women's Shoes,"[129.9, 180.0, 0]","['0', '0', 1]",https://www.tenniswarehouse-europe.com/Head_Sprint_SF_Clay_Black_Blue_Womens_Shoes/descpageWSHEAD-HWSSFBB-EN.html
Prince Synergy 98 (305g) Racket,"[188.96, 209.95, 170.05]","[1, '0', '0']",https://www.tenniswarehouse-europe.com/Prince_Synergy_98_305g_Racket/descpageRCPRINCEH-PSYNG-EN.html
Prince Phantom 93P (14x18) Racket,"[189.89, 249.95, 0]","0,0,0",https://www.tenniswarehouse-europe.com/Prince_Phantom_93P_14x18_Racket/descpageRCPRINCEH-P1493P-EN.html
Head Radical Junior 26 Racket,"[33.9, 50.0, 0]","[1, '0', '0']",https://www.tenniswarehouse-europe.com/Head_Radical_Junior_26_Racket_/descpageRCHEAD-HRRJ26-EN.html
Head Graphene 360+ Extreme Junior Racket,"[80.9, 90.0, 0]","0,0,0",https://www.tenniswarehouse-europe.com/Head_Graphene_360_Extreme_Junior_Racket/descpageRCHEAD-HREJ-EN.html
Head Graphene Speed 360+ Junior Racket,"[74.9, 110.0, 0]","0,0,0",https://www.tenniswarehouse-europe.com/Head_Graphene_Speed_360_Junior_Racket/descpageRCHEAD-H3SJUNR-EN.html
Head Graphite Speed 26 Junior Racket,"[59.9, 70.0, 0]","0,0,0",https://www.tenniswarehouse-europe.com/Head_Graphite_Speed_26_Junior_Racket/descpageRCHEAD-HSPJU26-EN.html
Head Gravity Junior 26 2021 Racket,"[59.9, 70.0, 0]","[1, '0', '0']",https://www.tenniswarehouse-europe.com/Head_Gravity_Junior_26_2021_Racket/descpageRCHEAD-HRGJ26-EN.html
Head Gravity Junior 25 2021 Racket,"[78.9, 90.0, 0]","[1, '0', '0']",https://www.tenniswarehouse-europe.com/Head_Gravity_Junior_25_2021_Racket/descpageRCHEAD-HRGJ25-EN.html
Head Gravity Junior 25 Racket,"[57.91, 65.0, 0]","[1, '0', '0']",https://www.tenniswarehouse-europe.com/Head_Gravity_Junior_25_Racket/descpageRCHEAD-HRGJR-EN.html
Yonex EZONE 100 SL (270g) Racket,"[169.9, 229.9, 0]","0,0,0",https://www.tenniswarehouse-europe.com/Yonex_EZONE_100_SL_270g_Racket/descpageRCYONEX-100270-EN.html
Yonex EZONE 105 (275g) Racket,"[189.89, 239.9, 169.9]","0,0,0",https://www.tenniswarehouse-europe.com/Yonex_EZONE_105_275g_Racket/descpageRCYONEX-YE105-EN.html
Yonex EZONE 108 (255g) Racket,"[159.9, 199.9, 139.9]","0,0,0",https://www.tenniswarehouse-europe.com/Yonex_EZONE_108_255g_Racket/descpageRCYONEX-YE108R-EN.html
Asics Gel Challenger Clay 12 Grey/Pink Women's Shoes,"[90.0, 100.0, 0]","['0', '0', 1]",https://www.tenniswarehouse-europe.com/Asics_Gel_Challenger_Clay_12_Grey_Pink_Womens_Shoes/descpageWSASICSP-AWC2CGP-EN.html
Asics Gel Exclusive 5 Blue/White/Pk Women's Shoe,"[59.9, 90.0, 0]","['0', '0', 1]",https://www.tenniswarehouse-europe.com/Asics_Gel_Exclusive_5_Blue_White_Pk_Womens_Shoe/descpageWSASICS-AWPE5BW-EN.html
Asics Gel Exclusive 6 Black/Pink Women's Shoe,"[81.0, 90.0, 0]","['0', '0', 1]",https://www.tenniswarehouse-europe.com/Asics_Gel_Exclusive_6_Black_Pink_Womens_Shoe/descpageWSASICSP-AWE5CBP-EN.html
Prince Phantom 93P (18x20) Racket,"[187.5, 249.95, 168.69]","0,0,0",https://www.tenniswarehouse-europe.com/Prince_Phantom_93P_18x20_Racket/descpageRCPRINCEH-PP93P-EN.html
Prince Phantom 97P Racket,"[179.9, 239.95, 169.9]","[1, '0', '0']",https://www.tenniswarehouse-europe.com/Prince_Phantom_97P_Racket/descpageRCPRINCEH-PP97P-EN.html
Prince Phantom 100P Racket,"[164.94, 239.95, 0]","0,0,0",https://www.tenniswarehouse-europe.com/Prince_Phantom_100P_Racket/descpageRCPRINCEH-PPP10-EN.html
Head Gravity Junior 26 2021 Racket,"[59.9, 70.0, 0]","[1, '0', '0']",https://www.tenniswarehouse-europe.com/Head_Gravity_Junior_26_2021_Racket/descpageRCHEAD-HRGJ26-EN.html
Head Gravity Junior 25 2021 Racket,"[78.9, 90.0, 0]","[1, '0', '0']",https://www.tenniswarehouse-europe.com/Head_Gravity_Junior_25_2021_Racket/descpageRCHEAD-HRGJ25-EN.html
Head Gravity Junior 25 Racket,"[57.91, 65.0, 0]","[1, '0', '0']",https://www.tenniswarehouse-europe.com/Head_Gravity_Junior_25_Racket/descpageRCHEAD-HRGJR-EN.html
Head Radical Junior 25 Racket,"[29.9, 40.0, 0]","[1, '0', '0']",https://www.tenniswarehouse-europe.com/Head_Radical_Junior_25_Racket_/descpageRCHEAD-HRRJ25-EN.html
Head Radical Junior 25 Racket,"[29.9, 40.0, 0]","[1, '0', '0']",https://www.tenniswarehouse-europe.com/Head_Radical_Junior_25_Racket_/descpageRCHEAD-HRRJ25-EN.html
Head Graphene Speed 360+ Junior 25 Racket,"[68.89, 90.0, 0]","0,0,0",https://www.tenniswarehouse-europe.com/Head_Graphene_Speed_360_Junior_25_Racket/descpageRCHEAD-H3SJU25-EN.html
Yonex EZONE ACE (260g) Racket,"[80.0, 119.9, 0]","0,0,0",https://www.tenniswarehouse-europe.com/Yonex_EZONE_ACE_260g_Racket/descpageRCYONEX-ACE260-EN.html
Yonex EZONE FEEL (250g) Blue Racket,"[119.99, 179.9, 0]","0,0,0",https://www.tenniswarehouse-europe.com/Yonex_EZONE_FEEL_250g_Blue_Racket/descpageRCYONEX-FEEL25-EN.html
Yonex EZONE 108 Racket,"[80.0, 189.95, 0]","['0', '0', 1]",https://www.tenniswarehouse-europe.com/Yonex_EZONE_108_Racket/descpageRCYONEX-YEZ108-EN.html
Asics Gel Game 8 Clay Pink Cameo/White Women's Shoes,"[71.99, 80.0, 0]","['0', '0', 1]",https://www.tenniswarehouse-europe.com/Asics_Gel_Game_8_Clay_Pink_Cameo_White_Womens_Shoes/descpageWSASICSP-AWG8CPW-EN.html
Asics Gel Resolution 8 Clay L.E. Red/Black Womens Shoes,"[132.99, 140.0, 0]","['0', '0', 1]",https://www.tenniswarehouse-europe.com/Asics_Gel_Resolution_8_Clay_LE_Red_Black_Womens_Shoes/descpageWSASICSP-AWG7CRB-EN.html
Asics Gel Resolution 8 Clay Pink Cameo/White Women Shoe,"[119.0, 140.0, 0]","['0', '0', 1]",https://www.tenniswarehouse-europe.com/Asics_Gel_Resolution_8_Clay_Pink_Cameo_White_Women_Shoe/descpageWSASICSP-AWGR8CP-EN.html
Prince Phantom 100X 18x20 Racket,"[184.9, 239.95, 168.69]","0,0,0",https://www.tenniswarehouse-europe.com/Prince_Phantom_100X_18x20_Racket/descpageRCPRINCEH-PPX182-EN.html
Prince Phantom 100X (290g) Racket,"[184.9, 239.95, 168.69]","0,0,0",https://www.tenniswarehouse-europe.com/Prince_Phantom_100X_290g_Racket/descpageRCPRINCEH-PPX290-EN.html
Prince Phantom 100X (305g) Racket,"[179.9, 239.95, 168.69]","['0', 1, '0']",https://www.tenniswarehouse-europe.com/Prince_Phantom_100X_305g_Racket/descpageRCPRINCEH-PPX35-EN.html
Head Graphene Speed 360+ Junior 25 Racket,"[68.89, 90.0, 0]","0,0,0",https://www.tenniswarehouse-europe.com/Head_Graphene_Speed_360_Junior_25_Racket/descpageRCHEAD-H3SJU25-EN.html
Head Graphite Speed 25 Junior Racket,"[49.9, 65.0, 0]","0,0,0",https://www.tenniswarehouse-europe.com/Head_Graphite_Speed_25_Junior_Racket/descpageRCHEAD-HSPJU25-EN.html
Head Novak 25 Junior Racket,"[27.7, 35.0, 0]","['0', '0', 1]",https://www.tenniswarehouse-europe.com/Head_Novak_25_Junior_Racket/descpageRCHEAD-HNOJU25-EN.html
Head Graphite Speed 25 Junior Racket,"[49.9, 65.0, 0]","0,0,0",https://www.tenniswarehouse-europe.com/Head_Graphite_Speed_25_Junior_Racket/descpageRCHEAD-HSPJU25-EN.html
Head Novak 25 Junior Racket,"[27.7, 35.0, 0]","['0', '0', 1]",https://www.tenniswarehouse-europe.com/Head_Novak_25_Junior_Racket/descpageRCHEAD-HNOJU25-EN.html
Wilson Kaos Mirage White/Coral Women's Shoe,"[139.9, 170.0, 0]","[1, '0', '0']",https://www.tenniswarehouse-europe.com/Wilson_Kaos_Mirage_White_Coral_Womens_Shoe/descpageWSWILSON-WWKMWC-EN.html
Yonex 21 PC Eclipsion 3 Clay Lavender Women's Shoe,"[119.9, 149.9, 0]","0,0,0",https://www.tenniswarehouse-europe.com/Yonex_21_PC_Eclipsion_3_Clay_Lavender_Womens_Shoe/descpageWSYONEX-YWPCE3L-EN.html
New Balance WC 996V4 White/Pink Women's Shoe,"[94.9, 135.0, 0]","[1, '0', '0']",https://www.tenniswarehouse-europe.com/New_Balance_WC_996V4_White_Pink_Womens_Shoe/descpageWSNBT-NW996WP-EN.html
adidas adizero Ubersonic 4 Black/Silver/Wh Wom's Shoes,"[125.9, 140.0, 0]","[1, '0', '0']",https://www.tenniswarehouse-europe.com/adidas_adizero_Ubersonic_4_Black_Silver_Wh_Woms_Shoes/descpageWSADIT-AWU4BSW-EN.html
Mizuno Break Shot 2 Carpet White/Black Unisex Shoes,"[34.89, 80.0, 0]","['0', '0', 1]",https://www.tenniswarehouse-europe.com/Mizuno_Break_Shot_2_Carpet_White_Black_Unisex_Shoes/descpageMSMIZUNO-MBSIWBU-EN.html
Mizuno Break Shot Clay White/Green Women's Shoes,"[39.9, 80.0, 0]","['0', '0', 1]",https://www.tenniswarehouse-europe.com/Mizuno_Break_Shot_Clay_White_Green_Womens_Shoes/descpageWSMIZUNO-MWSBSCG-EN.html
Yonex VCORE PRO 97 (330g) Rackets,"[179.9, 275.0, 162.95]","['0', '0', 1]",https://www.tenniswarehouse-europe.com/Yonex_VCORE_PRO_97_330g_Rackets/descpageRCYONEX-VC9330-EN.html
Yonex VCORE PRO 97 (310g) Rackets,"[159.9, 275.0, 0]","['0', '0', 1]",https://www.tenniswarehouse-europe.com/Yonex_VCORE_PRO_97_310g_Rackets/descpageRCYONEX-VC9310-EN.html
Asics Gel Resolution 8 Clay Smoke Blue/White Women Shoe,"[119.0, 140.0, 0]","['0', '0', 1]",https://www.tenniswarehouse-europe.com/Asics_Gel_Resolution_8_Clay_Smoke_Blue_White_Women_Shoe/descpageWSASICSP-AWGR8CS-EN.html
Asics Gel-Padel Pro 4 Black/Pink Women's Shoes,"[63.0, 70.0, 0]","['0', '0', 1]",https://www.tenniswarehouse-europe.com/Asics_Gel-Padel_Pro_4_Black_Pink_Womens_Shoes/descpageWSASICSP-AWGP4CB-EN.html
Asics Padel Lima FF Black/Lilac Opal Women's Shoes,"[90.0, 120.0, 0]","['0', '0', 1]",https://www.tenniswarehouse-europe.com/Asics_Padel_Lima_FF_Black_Lilac_Opal_Womens_Shoes/descpageWSASICSP-AGLCFBL-EN.html
Prince Phantom 107G,"[215.9, 240.0, 199.9]","[1, '0', '0']",https://www.tenniswarehouse-europe.com/Prince_Phantom_107G/descpageRCPRINCEH-PTXP7G-EN.html
Prince Phantom O3 100X Racket,"[184.9, 249.95, 168.69]","0,0,0",https://www.tenniswarehouse-europe.com/Prince_Phantom_O3_100X_Racket/descpageRCPRINCEH-PP100X-EN.html
Prince Textreme Tour 100 (310) Rackets,"[159.9, 219.9, 152.9]","['0', 1, '0']",https://www.tenniswarehouse-europe.com/Prince_Textreme_Tour_100_310_Rackets/descpageRCPRINCEH-PT1001-EN.html
Head Maria 25 Junior Racket,"[29.9, 35.0, 0]","['0', '0', 1]",https://www.tenniswarehouse-europe.com/Head_Maria_25_Junior_Racket/descpageRCHEAD-HMAJU25-EN.html
Head Gravity Junior 23 2021 Racket,"[43.9, 55.0, 0]","[1, '0', '0']",https://www.tenniswarehouse-europe.com/Head_Gravity_Junior_23_2021_Racket/descpageRCHEAD-HRGJ23-EN.html
Head Radical Junior 23 Racket,"[24.89, 35.0, 0]","[1, '0', '0']",https://www.tenniswarehouse-europe.com/Head_Radical_Junior_23_Racket_/descpageRCHEAD-HRRJ23-EN.html
Head Maria 25 Junior Racket,"[29.9, 35.0, 0]","['0', '0', 1]",https://www.tenniswarehouse-europe.com/Head_Maria_25_Junior_Racket/descpageRCHEAD-HMAJU25-EN.html
Head Gravity Junior 23 2021 Racket,"[43.9, 55.0, 0]","[1, '0', '0']",https://www.tenniswarehouse-europe.com/Head_Gravity_Junior_23_2021_Racket/descpageRCHEAD-HRGJ23-EN.html
Head Radical Junior 23 Racket,"[24.89, 35.0, 0]","[1, '0', '0']",https://www.tenniswarehouse-europe.com/Head_Radical_Junior_23_Racket_/descpageRCHEAD-HRRJ23-EN.html
Wilson Rush Pro 3.5 Clay Peach/Coral Women's Shoe,"[111.9, 140.0, 0]","0,0,0",https://www.tenniswarehouse-europe.com/Wilson_Rush_Pro_35_Clay_Peach_Coral_Womens_Shoe/descpageWSWILSON-WRP3CPC-EN.html
Wilson Rush Pro 2.5 Clay Blue/White Women's Shoe,"[95.9, 120.0, 0]","0,0,0",https://www.tenniswarehouse-europe.com/Wilson_Rush_Pro_25_Clay_Blue_White_Womens_Shoe/descpageWSWILSON-WRP25CB-EN.html
Wilson Rush Pro 3.5 Chicago Blue/White Women's Shoe,"[111.9, 140.0, 0]","[1, '0', '0']",https://www.tenniswarehouse-europe.com/Wilson_Rush_Pro_35_Chicago_Blue_White_Womens_Shoe/descpageWSWILSON-WRP35BW-EN.html
Yonex 20 PC Eclipsion 3 White/Red Women's Shoe,"[124.91, 149.9, 0]","0,0,0",https://www.tenniswarehouse-europe.com/Yonex_20_PC_Eclipsion_3_White_Red_Womens_Shoe/descpageWSYONEX-YWPCE3W-EN.html
Yonex 20 Sonicage 2 Clay Red/Pink Women's Shoe,"[79.91, 109.9, 0]","0,0,0",https://www.tenniswarehouse-europe.com/Yonex_20_Sonicage_2_Clay_Red_Pink_Womens_Shoe/descpageWSYONEX-YWS2CRP-EN.html
New Balance WC 996V4 Ocean Grey Women's Shoe,"[94.9, 135.0, 0]","0,0,0",https://www.tenniswarehouse-europe.com/New_Balance_WC_996V4_Ocean_Grey_Womens_Shoe/descpageWSNBT-NW996OG-EN.html
New Balance Lav Purple Women's Shoe,"[104.9, 140.0, 0]","['0', '0', 1]",https://www.tenniswarehouse-europe.com/New_Balance_Lav_Purple_Womens_Shoe/descpageWSNBT-NBWLAVN-EN.html
New Balance Lav Grey Women's Shoe,"[89.9, 140.0, 0]","['0', '0', 1]",https://www.tenniswarehouse-europe.com/New_Balance_Lav_Grey_Womens_Shoe/descpageWSNBT-NBWLAGR-EN.html
adidas adizero Ubersonic 4 Orange/Sl/Rose Wom's Shoes,"[104.9, 140.0, 0]","0,0,0",https://www.tenniswarehouse-europe.com/adidas_adizero_Ubersonic_4_Orange_Sl_Rose_Woms_Shoes/descpageWSADIT-AWU4OSR-EN.html
adidas adizero Ubersonic 4 Wh/Silver/Yellow Wom's Shoes,"[124.91, 140.0, 0]","0,0,0",https://www.tenniswarehouse-europe.com/adidas_adizero_Ubersonic_4_Wh_Silver_Yellow_Woms_Shoes/descpageWSADIT-AWU4WSY-EN.html
adidas adizero Ubersonic 4 Yellow/Sl/Bl Wom's Shoes,"[109.9, 140.0, 0]","['0', '0', 1]",https://www.tenniswarehouse-europe.com/adidas_adizero_Ubersonic_4_Yellow_Sl_Bl_Woms_Shoes/descpageWSADIT-AWU4YSB-EN.html
Yonex VCORE PRO 97 (290g) Rackets,"[159.9, 275.0, 0]","['0', '0', 1]",https://www.tenniswarehouse-europe.com/Yonex_VCORE_PRO_97_290g_Rackets/descpageRCYONEX-VC9290-EN.html
Yonex VCORE PRO 97HD (320g) Rackets,"[184.9, 275.0, 169.9]","['0', '0', 1]",https://www.tenniswarehouse-europe.com/Yonex_VCORE_PRO_97HD_320g_Rackets/descpageRCYONEX-VC9320-EN.html
Yonex VCORE PRO 100 (300g) Rackets,"[159.9, 260.0, 0]","['0', '0', 1]",https://www.tenniswarehouse-europe.com/Yonex_VCORE_PRO_100_300g_Rackets/descpageRCYONEX-VC1300-EN.html
Asics Solution Speed FF 2 Clay Blue/White Women's Shoes,"[127.5, 150.0, 0]","[1, '0', '0']",https://www.tenniswarehouse-europe.com/Asics_Solution_Speed_FF_2_Clay_Blue_White_Womens_Shoes/descpageWSASICSP-AWSSCSW-EN.html
Asics Solution Speed FF 2 Clay White/Champagne Women Sh,"[142.5, 150.0, 0]","['0', '0', 1]",https://www.tenniswarehouse-europe.com/Asics_Solution_Speed_FF_2_Clay_White_Champagne_Women_Sh/descpageWSASICSP-AWSSCWC-EN.html
Prince Textreme O3 Tour 100 (310) Rackets,"[169.9, 229.9, 0]","0,0,0",https://www.tenniswarehouse-europe.com/Prince_Textreme_O3_Tour_100_310_Rackets/descpageRCPRINCEH-PT1O33-EN.html
Prince Textreme Tour 95 Rackets (2019),"[159.9, 219.9, 0]","0,0,0",https://www.tenniswarehouse-europe.com/Prince_Textreme_Tour_95_Rackets_2019/descpageRCPRINCEH-PT2T95-EN.html
Prince Textreme Tour 100P Rackets (305),"[159.9, 219.9, 149.9]","['0', 1, '0']",https://www.tenniswarehouse-europe.com/Prince_Textreme_Tour_100P_Rackets_305/descpageRCPRINCEH-PTT1P-EN.html
Lotto Mirage 100 Clay Purple/Silver Women's Shoes,"[134.9, 150.0, 0]","[1, '0', '0']",https://www.tenniswarehouse-europe.com/Lotto_Mirage_100_Clay_Purple_Silver_Womens_Shoes/descpageWSLOTTOT-LWM1CPS-EN.html
Head Graphite Speed 23 Junior Racket,"[49.9, 55.0, 0]","0,0,0",https://www.tenniswarehouse-europe.com/Head_Graphite_Speed_23_Junior_Racket/descpageRCHEAD-HSPJU23-EN.html
Head Novak 23 Junior Racket,"[23.89, 35.0, 0]","['0', '0', 1]",https://www.tenniswarehouse-europe.com/Head_Novak_23_Junior_Racket/descpageRCHEAD-HNOJU23-EN.html
Head Maria 23 Junior Racket,"[24.5, 35.0, 0]","['0', '0', 1]",https://www.tenniswarehouse-europe.com/Head_Maria_23_Junior_Racket/descpageRCHEAD-HMAJU23-EN.html
Head Graphite Speed 23 Junior Racket,"[49.9, 55.0, 0]","0,0,0",https://www.tenniswarehouse-europe.com/Head_Graphite_Speed_23_Junior_Racket/descpageRCHEAD-HSPJU23-EN.html
Head Novak 23 Junior Racket,"[23.89, 35.0, 0]","['0', '0', 1]",https://www.tenniswarehouse-europe.com/Head_Novak_23_Junior_Racket/descpageRCHEAD-HNOJU23-EN.html
Head Maria 23 Junior Racket,"[24.5, 35.0, 0]","['0', '0', 1]",https://www.tenniswarehouse-europe.com/Head_Maria_23_Junior_Racket/descpageRCHEAD-HMAJU23-EN.html
Wilson Rush Pro 3.5 Clay Peach/Coral Women's Shoe,"[111.9, 140.0, 0]","0,0,0",https://www.tenniswarehouse-europe.com/Wilson_Rush_Pro_35_Clay_Peach_Coral_Womens_Shoe/descpageWSWILSON-WRP3CPC-EN.html
Wilson Rush Pro 3.5 Peach/Coral Women's Shoe,"[111.9, 140.0, 0]","0,0,0",https://www.tenniswarehouse-europe.com/Wilson_Rush_Pro_35_Peach_Coral_Womens_Shoe/descpageWSWILSON-WRP35PC-EN.html
Wilson Rush Pro 3.5 White Women's Shoe,"[119.9, 140.0, 0]","0,0,0",https://www.tenniswarehouse-europe.com/Wilson_Rush_Pro_35_White_Womens_Shoe/descpageWSWILSON-WWRP35W-EN.html
Yonex 19 Sonicage Lime Yellow Unisex Shoe,"[59.9, 99.95, 0]","['0', '0', 1]",https://www.tenniswarehouse-europe.com/Yonex_19_Sonicage_Lime_Yellow_Unisex_Shoe/descpageMSYONEX-YMSOLY-EN.html
Yonex 18 PC Aerus Dash Yellow/Navy Men's Shoe,"[39.9, 149.95, 0]","['0', '0', 1]",https://www.tenniswarehouse-europe.com/Yonex_18_PC_Aerus_Dash_Yellow_Navy_Mens_Shoe/descpageMSYONEX-YMPCADY-EN.html
New Balance Lav Purple Women's Shoe,"[104.9, 140.0, 0]","['0', '0', 1]",https://www.tenniswarehouse-europe.com/New_Balance_Lav_Purple_Womens_Shoe/descpageWSNBT-NBWLAVN-EN.html
New Balance Lav Neon Yellow/White Women's Shoe,"[99.89, 140.0, 0]","['0', '0', 1]",https://www.tenniswarehouse-europe.com/New_Balance_Lav_Neon_Yellow_White_Womens_Shoe/descpageWSNBT-NBLAVNY-EN.html
New Balance WC 996V4 White/Pink Women's Shoe,"[94.9, 135.0, 0]","[1, '0', '0']",https://www.tenniswarehouse-europe.com/New_Balance_WC_996V4_White_Pink_Womens_Shoe/descpageWSNBT-NW996WP-EN.html
adidas CourtJam Bounce Blue/White/Yellow Women's Shoes,"[64.9, 80.0, 0]","0,0,0",https://www.tenniswarehouse-europe.com/adidas_CourtJam_Bounce_Blue_White_Yellow_Womens_Shoes/descpageWSADIT-AWCJBWY-EN.html
adidas CourtJam Bounce Leather White Men's Shoe,"[54.89, 79.95, 0]","['0', '0', 1]",https://www.tenniswarehouse-europe.com/adidas_CourtJam_Bounce_Leather_White_Mens_Shoe/descpageMSADIT-AMCJLW-EN.html
adidas CourtJam Bounce Orange/Silver/Rose Women's Shoes,"[69.9, 80.0, 0]","0,0,0",https://www.tenniswarehouse-europe.com/adidas_CourtJam_Bounce_Orange_Silver_Rose_Womens_Shoes/descpageWSADIT-AWCJOSR-EN.html
