Name, Price
Clash 100 Pro (Tour) Silver Racket,219.90 €
Clash 100 Silver Racket,219.90 €
Clash 100L Silver Racket,214.90 €
Clash 100 Reverse Racket,179.90 €
Clash 100 Racket,178.89 €
Clash 100 Pro (Tour) Racket,169.90 €
Clash 100 UL Racket,159.90 €
Clash 100L Racket,145.95 €
Clash 108 Racket,199.90 €
Clash 98 Racket,172.91 €
Blade 98 Reverse Racket,164.94 €
Clash 100 Reverse Racket,179.90 €
Ultra 100 V3.0 Reverse Racket,169.90 €
Pro Staff RF 97 V13.0 Racket,209.96 €
Pro Staff 97 V13.0 Racket,199.90 €
Pro Staff 97L V13.0 Racket,179.90 €
Pro Staff 97UL V13.0 Racket,188.90 €
Pro Staff Precision 100 Racket,79.91 €
Pro Staff Precision 103 Racket,60.00 €
Roland Garros Blade 98 16x19 Racket,217.95 €
Blade 98 Reverse Racket,164.94 €
Blade 102 SW Racket,204.89 €
Blade 98 16x19 V7.0 Racket,168.00 €
Blade 98 18x20 V7.0 Racket,197.90 €
Blade 98S 18x16 V7.0 Racket,179.90 €
Blade 104 V7.0 Racket,157.90 €
Blade 101 L V7.0 Racket,94.90 €
Blade 100 L V7.0 Racket,169.90 €
Blade 100 UL V7.0 Racket,159.90 €
Blade Feel 105 Racket,60.00 €
Roland Garros Ultra 100 Racket,199.94 €
Ultra 100 V3.0 Reverse Racket,169.90 €
Minions Ultra 100 Racket,206.91 €
Minions Ultra 103 Racket,69.90 €
Ultra 100 V3.0 Racket,163.90 €
Ultra 100L V3.0 Racket,149.90 €
Ultra 108 V3.0 Racket,139.90 €
Ultra 100UL V3.0 Racket,124.91 €
Ultra Power 100 Racket,89.90 €
Burn 100 Racket,144.86 €
Burn 100 LS Racket,139.90 €
Burn 100 ULS Racket,110.00 €
Roland Garros Blade 98 16x19 Racket,217.95 €
Roland Garros Ultra 100 Racket,199.94 €
Roland Garros Team Racket,116.91 €
Roland Garros Triumph Racket,69.90 €
Roland Garros Equipe HP Racket,89.90 €
Roland Garros Team Racket,80.00 €
Six.One 95 Team Racket,89.90 €
Six.One 102 Lite Racket,94.90 €
Minions 25 Junior Racket,35.90 €
Minions 23 Junior Racket,31.91 €
Minions 21 Junior Racket,31.91 €
Roland Garros Elite 23 Junior Racket,31.91 €
Roland Garros Elite 21 Junior Racket,31.91 €
Roland Garros Elite 19 Junior Racket,26.88 €
Roland Garros Elite 17 Junior Racket,26.88 €
Pro Staff 26 Junior Racket,89.90 €
Pro Staff 25 Junior Racket,89.90 €
Ultra Junior 25 V3.0 Racket,98.90 €
Clash 25 Junior Racket,98.90 €
Blade 25 Junior V7.0 Racket,89.90 €
Ultra Power 26 Junior Racket,49.90 €
Ultra Power 25 Junior Racket,47.90 €
Roger Federer 26 Junior Racket,39.90 €
Roger Federer 25 Junior Racket,34.89 €
Roger Federer 25 Junior Racket,28.00 €
Roger Federer 23 Junior Racket,31.91 €
Roger Federer 21 Junior Racket,24.50 €
Roger Federer 21 Junior Racket,26.88 €
Roger Federer 19 Junior Racket,22.90 €
Roland Garros Elite 25 Junior Racket,31.91 €
Ultra Blue 25 Junior Racket,34.89 €
Ultra Blue 23 Junior Racket,31.91 €
Ultra Blue 21 Junior Racket,26.88 €
Burn Pink 25 Junior Racket,34.89 €
Burn Pink 23 Junior Racket,31.91 €
Burn Pink 21 Junior Racket,26.88 €
